left_source,left_id,right_source,right_id,entity_id,label
dblp,dblp_00000,acm,acm_00000,0,1
dblp,dblp_00001,acm,acm_00001,1,1
dblp,dblp_00002,acm,acm_00002,2,1
dblp,dblp_00002,scholar,scholar_00002,2,1
acm,acm_00002,scholar,scholar_00002,2,1
dblp,dblp_00003,acm,acm_00003,3,1
dblp,dblp_00003,scholar,scholar_00003,3,1
acm,acm_00003,scholar,scholar_00003,3,1
dblp,dblp_00005,scholar,scholar_00005,5,1
dblp,dblp_00006,acm,acm_00006,6,1
dblp,dblp_00006,scholar,scholar_00006,6,1
acm,acm_00006,scholar,scholar_00006,6,1
dblp,dblp_00007,scholar,scholar_00007,7,1
dblp,dblp_00008,acm,acm_00008,8,1
dblp,dblp_00009,acm,acm_00009,9,1
dblp,dblp_00009,scholar,scholar_00009,9,1
acm,acm_00009,scholar,scholar_00009,9,1
dblp,dblp_00010,acm,acm_00010,10,1
dblp,dblp_00011,acm,acm_00011,11,1
dblp,dblp_00011,scholar,scholar_00011,11,1
acm,acm_00011,scholar,scholar_00011,11,1
dblp,dblp_00012,acm,acm_00012,12,1
dblp,dblp_00012,scholar,scholar_00012,12,1
acm,acm_00012,scholar,scholar_00012,12,1
dblp,dblp_00013,acm,acm_00013,13,1
dblp,dblp_00013,scholar,scholar_00013,13,1
acm,acm_00013,scholar,scholar_00013,13,1
dblp,dblp_00015,acm,acm_00015,15,1
dblp,dblp_00015,scholar,scholar_00015,15,1
acm,acm_00015,scholar,scholar_00015,15,1
dblp,dblp_00016,scholar,scholar_00016,16,1
dblp,dblp_00017,acm,acm_00017,17,1
dblp,dblp_00017,scholar,scholar_00017,17,1
acm,acm_00017,scholar,scholar_00017,17,1
dblp,dblp_00018,acm,acm_00018,18,1
dblp,dblp_00019,acm,acm_00019,19,1
dblp,dblp_00019,scholar,scholar_00019,19,1
acm,acm_00019,scholar,scholar_00019,19,1
acm,acm_00020,scholar,scholar_00020,20,1
dblp,dblp_00022,acm,acm_00022,22,1
dblp,dblp_00023,acm,acm_00023,23,1
dblp,dblp_00023,scholar,scholar_00023,23,1
acm,acm_00023,scholar,scholar_00023,23,1
dblp,dblp_00024,acm,acm_00024,24,1
dblp,dblp_00024,scholar,scholar_00024,24,1
acm,acm_00024,scholar,scholar_00024,24,1
dblp,dblp_00025,acm,acm_00025,25,1
dblp,dblp_00026,acm,acm_00026,26,1
dblp,dblp_00027,acm,acm_00027,27,1
dblp,dblp_00028,scholar,scholar_00028,28,1
dblp,dblp_00029,acm,acm_00029,29,1
dblp,dblp_00030,acm,acm_00030,30,1
dblp,dblp_00030,scholar,scholar_00030,30,1
acm,acm_00030,scholar,scholar_00030,30,1
dblp,dblp_00031,acm,acm_00031,31,1
dblp,dblp_00032,scholar,scholar_00032,32,1
dblp,dblp_00033,acm,acm_00033,33,1
dblp,dblp_00033,scholar,scholar_00033,33,1
acm,acm_00033,scholar,scholar_00033,33,1
dblp,dblp_00035,acm,acm_00035,35,1
dblp,dblp_00035,scholar,scholar_00035,35,1
acm,acm_00035,scholar,scholar_00035,35,1
dblp,dblp_00036,acm,acm_00036,36,1
dblp,dblp_00036,scholar,scholar_00036,36,1
acm,acm_00036,scholar,scholar_00036,36,1
dblp,dblp_00037,acm,acm_00037,37,1
dblp,dblp_00037,scholar,scholar_00037,37,1
acm,acm_00037,scholar,scholar_00037,37,1
dblp,dblp_00038,acm,acm_00038,38,1
dblp,dblp_00038,scholar,scholar_00038,38,1
acm,acm_00038,scholar,scholar_00038,38,1
dblp,dblp_00039,acm,acm_00039,39,1
dblp,dblp_00039,scholar,scholar_00039,39,1
acm,acm_00039,scholar,scholar_00039,39,1
dblp,dblp_00041,acm,acm_00041,41,1
dblp,dblp_00041,scholar,scholar_00041,41,1
acm,acm_00041,scholar,scholar_00041,41,1
dblp,dblp_00042,acm,acm_00042,42,1
dblp,dblp_00043,acm,acm_00043,43,1
dblp,dblp_00043,scholar,scholar_00043,43,1
acm,acm_00043,scholar,scholar_00043,43,1
dblp,dblp_00044,acm,acm_00044,44,1
dblp,dblp_00044,scholar,scholar_00044,44,1
acm,acm_00044,scholar,scholar_00044,44,1
dblp,dblp_00045,acm,acm_00045,45,1
dblp,dblp_00045,scholar,scholar_00045,45,1
acm,acm_00045,scholar,scholar_00045,45,1
dblp,dblp_00046,acm,acm_00046,46,1
dblp,dblp_00046,scholar,scholar_00046,46,1
acm,acm_00046,scholar,scholar_00046,46,1
dblp,dblp_00047,acm,acm_00047,47,1
dblp,dblp_00047,scholar,scholar_00047,47,1
acm,acm_00047,scholar,scholar_00047,47,1
acm,acm_00048,scholar,scholar_00048,48,1
dblp,dblp_00049,scholar,scholar_00049,49,1
dblp,dblp_00051,acm,acm_00051,51,1
dblp,dblp_00051,scholar,scholar_00051,51,1
acm,acm_00051,scholar,scholar_00051,51,1
dblp,dblp_00052,scholar,scholar_00052,52,1
dblp,dblp_00053,acm,acm_00053,53,1
acm,acm_00054,scholar,scholar_00054,54,1
dblp,dblp_00055,acm,acm_00055,55,1
dblp,dblp_00055,scholar,scholar_00055,55,1
acm,acm_00055,scholar,scholar_00055,55,1
dblp,dblp_00056,acm,acm_00056,56,1
dblp,dblp_00056,scholar,scholar_00056,56,1
acm,acm_00056,scholar,scholar_00056,56,1
dblp,dblp_00057,acm,acm_00057,57,1
dblp,dblp_00059,acm,acm_00059,59,1
dblp,dblp_00060,acm,acm_00060,60,1
dblp,dblp_00060,scholar,scholar_00060,60,1
acm,acm_00060,scholar,scholar_00060,60,1
dblp,dblp_00061,scholar,scholar_00061,61,1
dblp,dblp_00062,acm,acm_00062,62,1
dblp,dblp_00064,acm,acm_00064,64,1
dblp,dblp_00064,scholar,scholar_00064,64,1
acm,acm_00064,scholar,scholar_00064,64,1
dblp,dblp_00065,acm,acm_00065,65,1
dblp,dblp_00065,scholar,scholar_00065,65,1
acm,acm_00065,scholar,scholar_00065,65,1
dblp,dblp_00066,acm,acm_00066,66,1
dblp,dblp_00067,acm,acm_00067,67,1
dblp,dblp_00068,acm,acm_00068,68,1
dblp,dblp_00068,scholar,scholar_00068,68,1
acm,acm_00068,scholar,scholar_00068,68,1
dblp,dblp_00069,acm,acm_00069,69,1
dblp,dblp_00069,scholar,scholar_00069,69,1
acm,acm_00069,scholar,scholar_00069,69,1
acm,acm_00071,scholar,scholar_00071,71,1
dblp,dblp_00072,acm,acm_00072,72,1
dblp,dblp_00073,scholar,scholar_00073,73,1
dblp,dblp_00074,acm,acm_00074,74,1
dblp,dblp_00075,acm,acm_00075,75,1
dblp,dblp_00076,acm,acm_00076,76,1
dblp,dblp_00076,scholar,scholar_00076,76,1
acm,acm_00076,scholar,scholar_00076,76,1
dblp,dblp_00077,acm,acm_00077,77,1
dblp,dblp_00077,scholar,scholar_00077,77,1
acm,acm_00077,scholar,scholar_00077,77,1
dblp,dblp_00078,acm,acm_00078,78,1
dblp,dblp_00078,scholar,scholar_00078,78,1
acm,acm_00078,scholar,scholar_00078,78,1
dblp,dblp_00079,acm,acm_00079,79,1
dblp,dblp_00079,scholar,scholar_00079,79,1
acm,acm_00079,scholar,scholar_00079,79,1
dblp,dblp_00080,acm,acm_00080,80,1
dblp,dblp_00081,acm,acm_00081,81,1
dblp,dblp_00081,scholar,scholar_00081,81,1
acm,acm_00081,scholar,scholar_00081,81,1
dblp,dblp_00082,acm,acm_00082,82,1
dblp,dblp_00082,scholar,scholar_00082,82,1
acm,acm_00082,scholar,scholar_00082,82,1
dblp,dblp_00083,scholar,scholar_00083,83,1
dblp,dblp_00085,scholar,scholar_00085,85,1
dblp,dblp_00086,acm,acm_00086,86,1
dblp,dblp_00088,acm,acm_00088,88,1
dblp,dblp_00088,scholar,scholar_00088,88,1
acm,acm_00088,scholar,scholar_00088,88,1
dblp,dblp_00090,acm,acm_00090,90,1
dblp,dblp_00090,scholar,scholar_00090,90,1
acm,acm_00090,scholar,scholar_00090,90,1
dblp,dblp_00091,acm,acm_00091,91,1
dblp,dblp_00091,scholar,scholar_00091,91,1
acm,acm_00091,scholar,scholar_00091,91,1
dblp,dblp_00092,acm,acm_00092,92,1
dblp,dblp_00093,acm,acm_00093,93,1
dblp,dblp_00093,scholar,scholar_00093,93,1
acm,acm_00093,scholar,scholar_00093,93,1
dblp,dblp_00094,acm,acm_00094,94,1
dblp,dblp_00094,scholar,scholar_00094,94,1
acm,acm_00094,scholar,scholar_00094,94,1
dblp,dblp_00095,acm,acm_00095,95,1
dblp,dblp_00095,scholar,scholar_00095,95,1
acm,acm_00095,scholar,scholar_00095,95,1
dblp,dblp_00096,acm,acm_00096,96,1
dblp,dblp_00097,acm,acm_00097,97,1
dblp,dblp_00097,scholar,scholar_00097,97,1
acm,acm_00097,scholar,scholar_00097,97,1
dblp,dblp_00098,acm,acm_00098,98,1
dblp,dblp_00098,scholar,scholar_00098,98,1
acm,acm_00098,scholar,scholar_00098,98,1
dblp,dblp_00100,acm,acm_00100,100,1
dblp,dblp_00101,acm,acm_00101,101,1
acm,acm_00102,scholar,scholar_00102,102,1
dblp,dblp_00103,acm,acm_00103,103,1
dblp,dblp_00103,scholar,scholar_00103,103,1
acm,acm_00103,scholar,scholar_00103,103,1
dblp,dblp_00105,acm,acm_00105,105,1
dblp,dblp_00105,scholar,scholar_00105,105,1
acm,acm_00105,scholar,scholar_00105,105,1
dblp,dblp_00107,acm,acm_00107,107,1
dblp,dblp_00107,scholar,scholar_00107,107,1
acm,acm_00107,scholar,scholar_00107,107,1
dblp,dblp_00108,scholar,scholar_00108,108,1
dblp,dblp_00109,acm,acm_00109,109,1
dblp,dblp_00110,acm,acm_00110,110,1
dblp,dblp_00110,scholar,scholar_00110,110,1
acm,acm_00110,scholar,scholar_00110,110,1
dblp,dblp_00111,acm,acm_00111,111,1
dblp,dblp_00111,scholar,scholar_00111,111,1
acm,acm_00111,scholar,scholar_00111,111,1
dblp,dblp_00112,acm,acm_00112,112,1
dblp,dblp_00113,acm,acm_00113,113,1
dblp,dblp_00113,scholar,scholar_00113,113,1
acm,acm_00113,scholar,scholar_00113,113,1
dblp,dblp_00114,acm,acm_00114,114,1
dblp,dblp_00114,scholar,scholar_00114,114,1
acm,acm_00114,scholar,scholar_00114,114,1
dblp,dblp_00115,acm,acm_00115,115,1
dblp,dblp_00115,scholar,scholar_00115,115,1
acm,acm_00115,scholar,scholar_00115,115,1
dblp,dblp_00116,acm,acm_00116,116,1
dblp,dblp_00117,acm,acm_00117,117,1
dblp,dblp_00117,scholar,scholar_00117,117,1
acm,acm_00117,scholar,scholar_00117,117,1
dblp,dblp_00119,acm,acm_00119,119,1
dblp,dblp_00120,acm,acm_00120,120,1
dblp,dblp_00122,acm,acm_00122,122,1
dblp,dblp_00122,scholar,scholar_00122,122,1
acm,acm_00122,scholar,scholar_00122,122,1
dblp,dblp_00123,acm,acm_00123,123,1
dblp,dblp_00124,acm,acm_00124,124,1
dblp,dblp_00124,scholar,scholar_00124,124,1
acm,acm_00124,scholar,scholar_00124,124,1
dblp,dblp_00125,acm,acm_00125,125,1
dblp,dblp_00125,scholar,scholar_00125,125,1
acm,acm_00125,scholar,scholar_00125,125,1
dblp,dblp_00126,acm,acm_00126,126,1
dblp,dblp_00127,acm,acm_00127,127,1
dblp,dblp_00128,acm,acm_00128,128,1
dblp,dblp_00129,acm,acm_00129,129,1
dblp,dblp_00129,scholar,scholar_00129,129,1
acm,acm_00129,scholar,scholar_00129,129,1
dblp,dblp_00131,acm,acm_00131,131,1
dblp,dblp_00131,scholar,scholar_00131,131,1
acm,acm_00131,scholar,scholar_00131,131,1
dblp,dblp_00133,acm,acm_00133,133,1
dblp,dblp_00133,scholar,scholar_00133,133,1
acm,acm_00133,scholar,scholar_00133,133,1
dblp,dblp_00134,acm,acm_00134,134,1
dblp,dblp_00134,scholar,scholar_00134,134,1
acm,acm_00134,scholar,scholar_00134,134,1
dblp,dblp_00135,scholar,scholar_00135,135,1
dblp,dblp_00136,acm,acm_00136,136,1
dblp,dblp_00136,scholar,scholar_00136,136,1
acm,acm_00136,scholar,scholar_00136,136,1
dblp,dblp_00137,acm,acm_00137,137,1
dblp,dblp_00137,scholar,scholar_00137,137,1
acm,acm_00137,scholar,scholar_00137,137,1
dblp,dblp_00138,acm,acm_00138,138,1
dblp,dblp_00139,acm,acm_00139,139,1
dblp,dblp_00139,scholar,scholar_00139,139,1
acm,acm_00139,scholar,scholar_00139,139,1
dblp,dblp_00140,acm,acm_00140,140,1
dblp,dblp_00141,acm,acm_00141,141,1
dblp,dblp_00142,acm,acm_00142,142,1
dblp,dblp_00142,scholar,scholar_00142,142,1
acm,acm_00142,scholar,scholar_00142,142,1
dblp,dblp_00143,acm,acm_00143,143,1
dblp,dblp_00143,scholar,scholar_00143,143,1
acm,acm_00143,scholar,scholar_00143,143,1
dblp,dblp_00145,scholar,scholar_00145,145,1
dblp,dblp_00146,scholar,scholar_00146,146,1
dblp,dblp_00147,acm,acm_00147,147,1
dblp,dblp_00148,acm,acm_00148,148,1
dblp,dblp_00148,scholar,scholar_00148,148,1
acm,acm_00148,scholar,scholar_00148,148,1
acm,acm_00149,scholar,scholar_00149,149,1
dblp,dblp_00150,acm,acm_00150,150,1
dblp,dblp_00152,acm,acm_00152,152,1
dblp,dblp_00152,scholar,scholar_00152,152,1
acm,acm_00152,scholar,scholar_00152,152,1
dblp,dblp_00153,acm,acm_00153,153,1
dblp,dblp_00153,scholar,scholar_00153,153,1
acm,acm_00153,scholar,scholar_00153,153,1
dblp,dblp_00154,acm,acm_00154,154,1
dblp,dblp_00154,scholar,scholar_00154,154,1
acm,acm_00154,scholar,scholar_00154,154,1
dblp,dblp_00155,acm,acm_00155,155,1
dblp,dblp_00155,scholar,scholar_00155,155,1
acm,acm_00155,scholar,scholar_00155,155,1
dblp,dblp_00156,acm,acm_00156,156,1
dblp,dblp_00156,scholar,scholar_00156,156,1
acm,acm_00156,scholar,scholar_00156,156,1
dblp,dblp_00157,acm,acm_00157,157,1
dblp,dblp_00157,scholar,scholar_00157,157,1
acm,acm_00157,scholar,scholar_00157,157,1
dblp,dblp_00158,acm,acm_00158,158,1
dblp,dblp_00159,acm,acm_00159,159,1
dblp,dblp_00159,scholar,scholar_00159,159,1
acm,acm_00159,scholar,scholar_00159,159,1
acm,acm_00160,scholar,scholar_00160,160,1
dblp,dblp_00161,acm,acm_00161,161,1
dblp,dblp_00161,scholar,scholar_00161,161,1
acm,acm_00161,scholar,scholar_00161,161,1
dblp,dblp_00162,acm,acm_00162,162,1
dblp,dblp_00162,scholar,scholar_00162,162,1
acm,acm_00162,scholar,scholar_00162,162,1
dblp,dblp_00163,acm,acm_00163,163,1
dblp,dblp_00163,scholar,scholar_00163,163,1
acm,acm_00163,scholar,scholar_00163,163,1
dblp,dblp_00164,acm,acm_00164,164,1
dblp,dblp_00165,acm,acm_00165,165,1
dblp,dblp_00165,scholar,scholar_00165,165,1
acm,acm_00165,scholar,scholar_00165,165,1
dblp,dblp_00166,acm,acm_00166,166,1
dblp,dblp_00166,scholar,scholar_00166,166,1
acm,acm_00166,scholar,scholar_00166,166,1
dblp,dblp_00167,acm,acm_00167,167,1
dblp,dblp_00168,acm,acm_00168,168,1
dblp,dblp_00168,scholar,scholar_00168,168,1
acm,acm_00168,scholar,scholar_00168,168,1
dblp,dblp_00170,acm,acm_00170,170,1
dblp,dblp_00171,scholar,scholar_00171,171,1
dblp,dblp_00172,scholar,scholar_00172,172,1
dblp,dblp_00173,acm,acm_00173,173,1
dblp,dblp_00175,scholar,scholar_00175,175,1
dblp,dblp_00176,acm,acm_00176,176,1
dblp,dblp_00176,scholar,scholar_00176,176,1
acm,acm_00176,scholar,scholar_00176,176,1
dblp,dblp_00177,acm,acm_00177,177,1
dblp,dblp_00178,acm,acm_00178,178,1
dblp,dblp_00179,acm,acm_00179,179,1
dblp,dblp_00179,scholar,scholar_00179,179,1
acm,acm_00179,scholar,scholar_00179,179,1
dblp,dblp_00180,acm,acm_00180,180,1
dblp,dblp_00181,scholar,scholar_00181,181,1
dblp,dblp_00182,acm,acm_00182,182,1
dblp,dblp_00182,scholar,scholar_00182,182,1
acm,acm_00182,scholar,scholar_00182,182,1
dblp,dblp_00183,acm,acm_00183,183,1
dblp,dblp_00183,scholar,scholar_00183,183,1
acm,acm_00183,scholar,scholar_00183,183,1
dblp,dblp_00184,acm,acm_00184,184,1
dblp,dblp_00185,acm,acm_00185,185,1
dblp,dblp_00185,scholar,scholar_00185,185,1
acm,acm_00185,scholar,scholar_00185,185,1
dblp,dblp_00186,scholar,scholar_00186,186,1
dblp,dblp_00190,acm,acm_00190,190,1
dblp,dblp_00190,scholar,scholar_00190,190,1
acm,acm_00190,scholar,scholar_00190,190,1
acm,acm_00191,scholar,scholar_00191,191,1
dblp,dblp_00192,scholar,scholar_00192,192,1
dblp,dblp_00193,acm,acm_00193,193,1
dblp,dblp_00193,scholar,scholar_00193,193,1
acm,acm_00193,scholar,scholar_00193,193,1
dblp,dblp_00195,acm,acm_00195,195,1
dblp,dblp_00196,acm,acm_00196,196,1
dblp,dblp_00196,scholar,scholar_00196,196,1
acm,acm_00196,scholar,scholar_00196,196,1
dblp,dblp_00197,acm,acm_00197,197,1
dblp,dblp_00199,acm,acm_00199,199,1
dblp,dblp_00200,acm,acm_00200,200,1
dblp,dblp_00201,acm,acm_00201,201,1
dblp,dblp_00201,scholar,scholar_00201,201,1
acm,acm_00201,scholar,scholar_00201,201,1
dblp,dblp_00202,scholar,scholar_00202,202,1
dblp,dblp_00203,acm,acm_00203,203,1
dblp,dblp_00203,scholar,scholar_00203,203,1
acm,acm_00203,scholar,scholar_00203,203,1
dblp,dblp_00204,scholar,scholar_00204,204,1
dblp,dblp_00205,acm,acm_00205,205,1
dblp,dblp_00205,scholar,scholar_00205,205,1
acm,acm_00205,scholar,scholar_00205,205,1
dblp,dblp_00206,scholar,scholar_00206,206,1
dblp,dblp_00207,acm,acm_00207,207,1
dblp,dblp_00207,scholar,scholar_00207,207,1
acm,acm_00207,scholar,scholar_00207,207,1
dblp,dblp_00208,acm,acm_00208,208,1
dblp,dblp_00208,scholar,scholar_00208,208,1
acm,acm_00208,scholar,scholar_00208,208,1
dblp,dblp_00210,acm,acm_00210,210,1
dblp,dblp_00211,acm,acm_00211,211,1
dblp,dblp_00211,scholar,scholar_00211,211,1
acm,acm_00211,scholar,scholar_00211,211,1
dblp,dblp_00212,scholar,scholar_00212,212,1
dblp,dblp_00215,acm,acm_00215,215,1
dblp,dblp_00216,scholar,scholar_00216,216,1
dblp,dblp_00217,acm,acm_00217,217,1
dblp,dblp_00217,scholar,scholar_00217,217,1
acm,acm_00217,scholar,scholar_00217,217,1
dblp,dblp_00218,acm,acm_00218,218,1
dblp,dblp_00218,scholar,scholar_00218,218,1
acm,acm_00218,scholar,scholar_00218,218,1
dblp,dblp_00219,acm,acm_00219,219,1
dblp,dblp_00219,scholar,scholar_00219,219,1
acm,acm_00219,scholar,scholar_00219,219,1
dblp,dblp_00220,acm,acm_00220,220,1
dblp,dblp_00221,acm,acm_00221,221,1
dblp,dblp_00221,scholar,scholar_00221,221,1
acm,acm_00221,scholar,scholar_00221,221,1
dblp,dblp_00222,acm,acm_00222,222,1
dblp,dblp_00223,acm,acm_00223,223,1
dblp,dblp_00223,scholar,scholar_00223,223,1
acm,acm_00223,scholar,scholar_00223,223,1
dblp,dblp_00224,acm,acm_00224,224,1
dblp,dblp_00224,scholar,scholar_00224,224,1
acm,acm_00224,scholar,scholar_00224,224,1
dblp,dblp_00225,acm,acm_00225,225,1
dblp,dblp_00225,scholar,scholar_00225,225,1
acm,acm_00225,scholar,scholar_00225,225,1
dblp,dblp_00226,acm,acm_00226,226,1
dblp,dblp_00228,acm,acm_00228,228,1
dblp,dblp_00228,scholar,scholar_00228,228,1
acm,acm_00228,scholar,scholar_00228,228,1
dblp,dblp_00229,acm,acm_00229,229,1
dblp,dblp_00230,acm,acm_00230,230,1
dblp,dblp_00230,scholar,scholar_00230,230,1
acm,acm_00230,scholar,scholar_00230,230,1
dblp,dblp_00231,acm,acm_00231,231,1
dblp,dblp_00231,scholar,scholar_00231,231,1
acm,acm_00231,scholar,scholar_00231,231,1
dblp,dblp_00232,scholar,scholar_00232,232,1
dblp,dblp_00233,acm,acm_00233,233,1
dblp,dblp_00234,acm,acm_00234,234,1
dblp,dblp_00236,acm,acm_00236,236,1
dblp,dblp_00236,scholar,scholar_00236,236,1
acm,acm_00236,scholar,scholar_00236,236,1
dblp,dblp_00237,acm,acm_00237,237,1
dblp,dblp_00237,scholar,scholar_00237,237,1
acm,acm_00237,scholar,scholar_00237,237,1
dblp,dblp_00238,acm,acm_00238,238,1
dblp,dblp_00238,scholar,scholar_00238,238,1
acm,acm_00238,scholar,scholar_00238,238,1
dblp,dblp_00239,acm,acm_00239,239,1
dblp,dblp_00240,scholar,scholar_00240,240,1
dblp,dblp_00241,acm,acm_00241,241,1
dblp,dblp_00242,acm,acm_00242,242,1
acm,acm_00243,scholar,scholar_00243,243,1
dblp,dblp_00244,acm,acm_00244,244,1
dblp,dblp_00244,scholar,scholar_00244,244,1
acm,acm_00244,scholar,scholar_00244,244,1
dblp,dblp_00245,acm,acm_00245,245,1
dblp,dblp_00246,acm,acm_00246,246,1
dblp,dblp_00246,scholar,scholar_00246,246,1
acm,acm_00246,scholar,scholar_00246,246,1
dblp,dblp_00247,acm,acm_00247,247,1
dblp,dblp_00248,acm,acm_00248,248,1
dblp,dblp_00249,acm,acm_00249,249,1
dblp,dblp_00250,scholar,scholar_00250,250,1
dblp,dblp_00251,acm,acm_00251,251,1
dblp,dblp_00251,scholar,scholar_00251,251,1
acm,acm_00251,scholar,scholar_00251,251,1
dblp,dblp_00253,acm,acm_00253,253,1
dblp,dblp_00253,scholar,scholar_00253,253,1
acm,acm_00253,scholar,scholar_00253,253,1
dblp,dblp_00254,acm,acm_00254,254,1
dblp,dblp_00254,scholar,scholar_00254,254,1
acm,acm_00254,scholar,scholar_00254,254,1
dblp,dblp_00256,acm,acm_00256,256,1
dblp,dblp_00256,scholar,scholar_00256,256,1
acm,acm_00256,scholar,scholar_00256,256,1
dblp,dblp_00258,acm,acm_00258,258,1
dblp,dblp_00258,scholar,scholar_00258,258,1
acm,acm_00258,scholar,scholar_00258,258,1
dblp,dblp_00259,scholar,scholar_00259,259,1
dblp,dblp_00260,acm,acm_00260,260,1
dblp,dblp_00261,acm,acm_00261,261,1
dblp,dblp_00261,scholar,scholar_00261,261,1
acm,acm_00261,scholar,scholar_00261,261,1
dblp,dblp_00262,scholar,scholar_00262,262,1
dblp,dblp_00263,acm,acm_00263,263,1
dblp,dblp_00263,scholar,scholar_00263,263,1
acm,acm_00263,scholar,scholar_00263,263,1
dblp,dblp_00264,scholar,scholar_00264,264,1
dblp,dblp_00265,acm,acm_00265,265,1
dblp,dblp_00265,scholar,scholar_00265,265,1
acm,acm_00265,scholar,scholar_00265,265,1
dblp,dblp_00266,acm,acm_00266,266,1
dblp,dblp_00266,scholar,scholar_00266,266,1
acm,acm_00266,scholar,scholar_00266,266,1
dblp,dblp_00267,acm,acm_00267,267,1
dblp,dblp_00268,acm,acm_00268,268,1
dblp,dblp_00268,scholar,scholar_00268,268,1
acm,acm_00268,scholar,scholar_00268,268,1
dblp,dblp_00269,scholar,scholar_00269,269,1
acm,acm_00270,scholar,scholar_00270,270,1
dblp,dblp_00271,acm,acm_00271,271,1
dblp,dblp_00273,acm,acm_00273,273,1
dblp,dblp_00273,scholar,scholar_00273,273,1
acm,acm_00273,scholar,scholar_00273,273,1
dblp,dblp_00274,acm,acm_00274,274,1
dblp,dblp_00274,scholar,scholar_00274,274,1
acm,acm_00274,scholar,scholar_00274,274,1
dblp,dblp_00275,acm,acm_00275,275,1
dblp,dblp_00275,scholar,scholar_00275,275,1
acm,acm_00275,scholar,scholar_00275,275,1
dblp,dblp_00277,scholar,scholar_00277,277,1
dblp,dblp_00278,acm,acm_00278,278,1
dblp,dblp_00278,scholar,scholar_00278,278,1
acm,acm_00278,scholar,scholar_00278,278,1
dblp,dblp_00279,scholar,scholar_00279,279,1
dblp,dblp_00280,scholar,scholar_00280,280,1
dblp,dblp_00281,scholar,scholar_00281,281,1
dblp,dblp_00282,acm,acm_00282,282,1
dblp,dblp_00282,scholar,scholar_00282,282,1
acm,acm_00282,scholar,scholar_00282,282,1
dblp,dblp_00283,scholar,scholar_00283,283,1
dblp,dblp_00284,acm,acm_00284,284,1
dblp,dblp_00284,scholar,scholar_00284,284,1
acm,acm_00284,scholar,scholar_00284,284,1
dblp,dblp_00285,acm,acm_00285,285,1
dblp,dblp_00286,acm,acm_00286,286,1
dblp,dblp_00286,scholar,scholar_00286,286,1
acm,acm_00286,scholar,scholar_00286,286,1
dblp,dblp_00288,acm,acm_00288,288,1
dblp,dblp_00288,scholar,scholar_00288,288,1
acm,acm_00288,scholar,scholar_00288,288,1
dblp,dblp_00289,acm,acm_00289,289,1
dblp,dblp_00289,scholar,scholar_00289,289,1
acm,acm_00289,scholar,scholar_00289,289,1
dblp,dblp_00290,acm,acm_00290,290,1
dblp,dblp_00290,scholar,scholar_00290,290,1
acm,acm_00290,scholar,scholar_00290,290,1
dblp,dblp_00291,scholar,scholar_00291,291,1
dblp,dblp_00292,scholar,scholar_00292,292,1
acm,acm_00293,scholar,scholar_00293,293,1
dblp,dblp_00294,acm,acm_00294,294,1
dblp,dblp_00294,scholar,scholar_00294,294,1
acm,acm_00294,scholar,scholar_00294,294,1
dblp,dblp_00295,acm,acm_00295,295,1
dblp,dblp_00295,scholar,scholar_00295,295,1
acm,acm_00295,scholar,scholar_00295,295,1
dblp,dblp_00296,acm,acm_00296,296,1
dblp,dblp_00297,acm,acm_00297,297,1
dblp,dblp_00298,scholar,scholar_00298,298,1
dblp,dblp_00299,acm,acm_00299,299,1
dblp,dblp_00299,scholar,scholar_00299,299,1
acm,acm_00299,scholar,scholar_00299,299,1
dblp,dblp_00300,acm,acm_00300,300,1
dblp,dblp_00300,scholar,scholar_00300,300,1
acm,acm_00300,scholar,scholar_00300,300,1
dblp,dblp_00301,acm,acm_00301,301,1
dblp,dblp_00301,scholar,scholar_00301,301,1
acm,acm_00301,scholar,scholar_00301,301,1
dblp,dblp_00302,acm,acm_00302,302,1
dblp,dblp_00302,scholar,scholar_00302,302,1
acm,acm_00302,scholar,scholar_00302,302,1
dblp,dblp_00303,scholar,scholar_00303,303,1
dblp,dblp_00304,scholar,scholar_00304,304,1
dblp,dblp_00306,acm,acm_00306,306,1
dblp,dblp_00307,scholar,scholar_00307,307,1
acm,acm_00308,scholar,scholar_00308,308,1
dblp,dblp_00309,acm,acm_00309,309,1
dblp,dblp_00309,scholar,scholar_00309,309,1
acm,acm_00309,scholar,scholar_00309,309,1
dblp,dblp_00310,acm,acm_00310,310,1
dblp,dblp_00310,scholar,scholar_00310,310,1
acm,acm_00310,scholar,scholar_00310,310,1
dblp,dblp_00311,acm,acm_00311,311,1
dblp,dblp_00312,acm,acm_00312,312,1
acm,acm_00313,scholar,scholar_00313,313,1
dblp,dblp_00314,acm,acm_00314,314,1
dblp,dblp_00314,scholar,scholar_00314,314,1
acm,acm_00314,scholar,scholar_00314,314,1
dblp,dblp_00315,acm,acm_00315,315,1
dblp,dblp_00316,scholar,scholar_00316,316,1
dblp,dblp_00317,scholar,scholar_00317,317,1
dblp,dblp_00318,acm,acm_00318,318,1
dblp,dblp_00318,scholar,scholar_00318,318,1
acm,acm_00318,scholar,scholar_00318,318,1
dblp,dblp_00319,acm,acm_00319,319,1
dblp,dblp_00319,scholar,scholar_00319,319,1
acm,acm_00319,scholar,scholar_00319,319,1
dblp,dblp_00320,scholar,scholar_00320,320,1
dblp,dblp_00321,acm,acm_00321,321,1
dblp,dblp_00321,scholar,scholar_00321,321,1
acm,acm_00321,scholar,scholar_00321,321,1
dblp,dblp_00322,acm,acm_00322,322,1
dblp,dblp_00322,scholar,scholar_00322,322,1
acm,acm_00322,scholar,scholar_00322,322,1
dblp,dblp_00323,acm,acm_00323,323,1
dblp,dblp_00323,scholar,scholar_00323,323,1
acm,acm_00323,scholar,scholar_00323,323,1
dblp,dblp_00324,scholar,scholar_00324,324,1
dblp,dblp_00325,acm,acm_00325,325,1
dblp,dblp_00325,scholar,scholar_00325,325,1
acm,acm_00325,scholar,scholar_00325,325,1
dblp,dblp_00326,scholar,scholar_00326,326,1
dblp,dblp_00327,acm,acm_00327,327,1
dblp,dblp_00328,acm,acm_00328,328,1
dblp,dblp_00329,acm,acm_00329,329,1
dblp,dblp_00329,scholar,scholar_00329,329,1
acm,acm_00329,scholar,scholar_00329,329,1
dblp,dblp_00332,acm,acm_00332,332,1
dblp,dblp_00333,acm,acm_00333,333,1
dblp,dblp_00333,scholar,scholar_00333,333,1
acm,acm_00333,scholar,scholar_00333,333,1
dblp,dblp_00334,acm,acm_00334,334,1
dblp,dblp_00335,acm,acm_00335,335,1
dblp,dblp_00335,scholar,scholar_00335,335,1
acm,acm_00335,scholar,scholar_00335,335,1
dblp,dblp_00336,acm,acm_00336,336,1
dblp,dblp_00336,scholar,scholar_00336,336,1
acm,acm_00336,scholar,scholar_00336,336,1
dblp,dblp_00337,acm,acm_00337,337,1
dblp,dblp_00337,scholar,scholar_00337,337,1
acm,acm_00337,scholar,scholar_00337,337,1
dblp,dblp_00338,acm,acm_00338,338,1
dblp,dblp_00338,scholar,scholar_00338,338,1
acm,acm_00338,scholar,scholar_00338,338,1
dblp,dblp_00339,acm,acm_00339,339,1
dblp,dblp_00340,acm,acm_00340,340,1
dblp,dblp_00340,scholar,scholar_00340,340,1
acm,acm_00340,scholar,scholar_00340,340,1
dblp,dblp_00341,scholar,scholar_00341,341,1
dblp,dblp_00342,acm,acm_00342,342,1
dblp,dblp_00342,scholar,scholar_00342,342,1
acm,acm_00342,scholar,scholar_00342,342,1
acm,acm_00344,scholar,scholar_00344,344,1
dblp,dblp_00345,acm,acm_00345,345,1
dblp,dblp_00345,scholar,scholar_00345,345,1
acm,acm_00345,scholar,scholar_00345,345,1
dblp,dblp_00346,acm,acm_00346,346,1
acm,acm_00348,scholar,scholar_00348,348,1
dblp,dblp_00349,acm,acm_00349,349,1
dblp,dblp_00350,acm,acm_00350,350,1
dblp,dblp_00350,scholar,scholar_00350,350,1
acm,acm_00350,scholar,scholar_00350,350,1
dblp,dblp_00351,acm,acm_00351,351,1
dblp,dblp_00351,scholar,scholar_00351,351,1
acm,acm_00351,scholar,scholar_00351,351,1
dblp,dblp_00352,acm,acm_00352,352,1
dblp,dblp_00353,acm,acm_00353,353,1
dblp,dblp_00354,acm,acm_00354,354,1
dblp,dblp_00355,acm,acm_00355,355,1
dblp,dblp_00355,scholar,scholar_00355,355,1
acm,acm_00355,scholar,scholar_00355,355,1
dblp,dblp_00356,acm,acm_00356,356,1
dblp,dblp_00356,scholar,scholar_00356,356,1
acm,acm_00356,scholar,scholar_00356,356,1
dblp,dblp_00357,acm,acm_00357,357,1
dblp,dblp_00357,scholar,scholar_00357,357,1
acm,acm_00357,scholar,scholar_00357,357,1
dblp,dblp_00358,acm,acm_00358,358,1
dblp,dblp_00358,scholar,scholar_00358,358,1
acm,acm_00358,scholar,scholar_00358,358,1
dblp,dblp_00360,acm,acm_00360,360,1
dblp,dblp_00360,scholar,scholar_00360,360,1
acm,acm_00360,scholar,scholar_00360,360,1
dblp,dblp_00361,acm,acm_00361,361,1
dblp,dblp_00361,scholar,scholar_00361,361,1
acm,acm_00361,scholar,scholar_00361,361,1
dblp,dblp_00362,acm,acm_00362,362,1
dblp,dblp_00362,scholar,scholar_00362,362,1
acm,acm_00362,scholar,scholar_00362,362,1
acm,acm_00363,scholar,scholar_00363,363,1
dblp,dblp_00364,scholar,scholar_00364,364,1
dblp,dblp_00365,acm,acm_00365,365,1
dblp,dblp_00365,scholar,scholar_00365,365,1
acm,acm_00365,scholar,scholar_00365,365,1
dblp,dblp_00366,scholar,scholar_00366,366,1
dblp,dblp_00367,scholar,scholar_00367,367,1
dblp,dblp_00369,acm,acm_00369,369,1
dblp,dblp_00370,acm,acm_00370,370,1
dblp,dblp_00370,scholar,scholar_00370,370,1
acm,acm_00370,scholar,scholar_00370,370,1
dblp,dblp_00371,acm,acm_00371,371,1
dblp,dblp_00371,scholar,scholar_00371,371,1
acm,acm_00371,scholar,scholar_00371,371,1
acm,acm_00372,scholar,scholar_00372,372,1
dblp,dblp_00374,acm,acm_00374,374,1
dblp,dblp_00375,acm,acm_00375,375,1
dblp,dblp_00375,scholar,scholar_00375,375,1
acm,acm_00375,scholar,scholar_00375,375,1
dblp,dblp_00376,scholar,scholar_00376,376,1
dblp,dblp_00377,acm,acm_00377,377,1
dblp,dblp_00377,scholar,scholar_00377,377,1
acm,acm_00377,scholar,scholar_00377,377,1
dblp,dblp_00378,acm,acm_00378,378,1
dblp,dblp_00380,acm,acm_00380,380,1
dblp,dblp_00380,scholar,scholar_00380,380,1
acm,acm_00380,scholar,scholar_00380,380,1
dblp,dblp_00381,scholar,scholar_00381,381,1
dblp,dblp_00382,scholar,scholar_00382,382,1
dblp,dblp_00383,scholar,scholar_00383,383,1
dblp,dblp_00384,acm,acm_00384,384,1
acm,acm_00385,scholar,scholar_00385,385,1
dblp,dblp_00386,acm,acm_00386,386,1
dblp,dblp_00388,acm,acm_00388,388,1
dblp,dblp_00388,scholar,scholar_00388,388,1
acm,acm_00388,scholar,scholar_00388,388,1
dblp,dblp_00389,acm,acm_00389,389,1
dblp,dblp_00389,scholar,scholar_00389,389,1
acm,acm_00389,scholar,scholar_00389,389,1
dblp,dblp_00390,acm,acm_00390,390,1
dblp,dblp_00390,scholar,scholar_00390,390,1
acm,acm_00390,scholar,scholar_00390,390,1
dblp,dblp_00391,acm,acm_00391,391,1
dblp,dblp_00391,scholar,scholar_00391,391,1
acm,acm_00391,scholar,scholar_00391,391,1
dblp,dblp_00392,acm,acm_00392,392,1
dblp,dblp_00392,scholar,scholar_00392,392,1
acm,acm_00392,scholar,scholar_00392,392,1
dblp,dblp_00393,acm,acm_00393,393,1
dblp,dblp_00393,scholar,scholar_00393,393,1
acm,acm_00393,scholar,scholar_00393,393,1
dblp,dblp_00394,acm,acm_00394,394,1
dblp,dblp_00394,scholar,scholar_00394,394,1
acm,acm_00394,scholar,scholar_00394,394,1
dblp,dblp_00395,acm,acm_00395,395,1
dblp,dblp_00395,scholar,scholar_00395,395,1
acm,acm_00395,scholar,scholar_00395,395,1
dblp,dblp_00396,acm,acm_00396,396,1
dblp,dblp_00396,scholar,scholar_00396,396,1
acm,acm_00396,scholar,scholar_00396,396,1
dblp,dblp_00397,acm,acm_00397,397,1
dblp,dblp_00397,scholar,scholar_00397,397,1
acm,acm_00397,scholar,scholar_00397,397,1
dblp,dblp_00398,acm,acm_00398,398,1
dblp,dblp_00398,scholar,scholar_00398,398,1
acm,acm_00398,scholar,scholar_00398,398,1
dblp,dblp_00399,acm,acm_00399,399,1
dblp,dblp_00400,acm,acm_00400,400,1
dblp,dblp_00400,scholar,scholar_00400,400,1
acm,acm_00400,scholar,scholar_00400,400,1
dblp,dblp_00401,acm,acm_00401,401,1
dblp,dblp_00402,acm,acm_00402,402,1
dblp,dblp_00403,acm,acm_00403,403,1
dblp,dblp_00404,acm,acm_00404,404,1
dblp,dblp_00405,acm,acm_00405,405,1
dblp,dblp_00406,acm,acm_00406,406,1
dblp,dblp_00407,acm,acm_00407,407,1
dblp,dblp_00407,scholar,scholar_00407,407,1
acm,acm_00407,scholar,scholar_00407,407,1
dblp,dblp_00408,acm,acm_00408,408,1
dblp,dblp_00408,scholar,scholar_00408,408,1
acm,acm_00408,scholar,scholar_00408,408,1
dblp,dblp_00409,scholar,scholar_00409,409,1
dblp,dblp_00410,scholar,scholar_00410,410,1
dblp,dblp_00411,acm,acm_00411,411,1
dblp,dblp_00411,scholar,scholar_00411,411,1
acm,acm_00411,scholar,scholar_00411,411,1
dblp,dblp_00412,scholar,scholar_00412,412,1
dblp,dblp_00414,scholar,scholar_00414,414,1
dblp,dblp_00415,acm,acm_00415,415,1
dblp,dblp_00415,scholar,scholar_00415,415,1
acm,acm_00415,scholar,scholar_00415,415,1
dblp,dblp_00417,acm,acm_00417,417,1
dblp,dblp_00417,scholar,scholar_00417,417,1
acm,acm_00417,scholar,scholar_00417,417,1
dblp,dblp_00419,acm,acm_00419,419,1
dblp,dblp_00420,acm,acm_00420,420,1
dblp,dblp_00421,acm,acm_00421,421,1
dblp,dblp_00421,scholar,scholar_00421,421,1
acm,acm_00421,scholar,scholar_00421,421,1
dblp,dblp_00422,acm,acm_00422,422,1
dblp,dblp_00422,scholar,scholar_00422,422,1
acm,acm_00422,scholar,scholar_00422,422,1
dblp,dblp_00423,acm,acm_00423,423,1
dblp,dblp_00424,scholar,scholar_00424,424,1
dblp,dblp_00425,acm,acm_00425,425,1
dblp,dblp_00425,scholar,scholar_00425,425,1
acm,acm_00425,scholar,scholar_00425,425,1
dblp,dblp_00426,acm,acm_00426,426,1
dblp,dblp_00427,acm,acm_00427,427,1
dblp,dblp_00428,acm,acm_00428,428,1
dblp,dblp_00429,acm,acm_00429,429,1
dblp,dblp_00431,acm,acm_00431,431,1
dblp,dblp_00432,acm,acm_00432,432,1
dblp,dblp_00433,acm,acm_00433,433,1
dblp,dblp_00433,scholar,scholar_00433,433,1
acm,acm_00433,scholar,scholar_00433,433,1
dblp,dblp_00434,scholar,scholar_00434,434,1
dblp,dblp_00437,acm,acm_00437,437,1
dblp,dblp_00437,scholar,scholar_00437,437,1
acm,acm_00437,scholar,scholar_00437,437,1
dblp,dblp_00439,acm,acm_00439,439,1
dblp,dblp_00439,scholar,scholar_00439,439,1
acm,acm_00439,scholar,scholar_00439,439,1
dblp,dblp_00440,acm,acm_00440,440,1
dblp,dblp_00440,scholar,scholar_00440,440,1
acm,acm_00440,scholar,scholar_00440,440,1
dblp,dblp_00441,acm,acm_00441,441,1
acm,acm_00443,scholar,scholar_00443,443,1
dblp,dblp_00444,acm,acm_00444,444,1
dblp,dblp_00444,scholar,scholar_00444,444,1
acm,acm_00444,scholar,scholar_00444,444,1
dblp,dblp_00446,acm,acm_00446,446,1
dblp,dblp_00446,scholar,scholar_00446,446,1
acm,acm_00446,scholar,scholar_00446,446,1
dblp,dblp_00447,acm,acm_00447,447,1
dblp,dblp_00447,scholar,scholar_00447,447,1
acm,acm_00447,scholar,scholar_00447,447,1
dblp,dblp_00448,acm,acm_00448,448,1
dblp,dblp_00448,scholar,scholar_00448,448,1
acm,acm_00448,scholar,scholar_00448,448,1
dblp,dblp_00449,scholar,scholar_00449,449,1
dblp,dblp_00450,scholar,scholar_00450,450,1
dblp,dblp_00451,scholar,scholar_00451,451,1
dblp,dblp_00452,scholar,scholar_00452,452,1
dblp,dblp_00453,acm,acm_00453,453,1
dblp,dblp_00453,scholar,scholar_00453,453,1
acm,acm_00453,scholar,scholar_00453,453,1
dblp,dblp_00454,acm,acm_00454,454,1
dblp,dblp_00454,scholar,scholar_00454,454,1
acm,acm_00454,scholar,scholar_00454,454,1
dblp,dblp_00455,acm,acm_00455,455,1
acm,acm_00456,scholar,scholar_00456,456,1
dblp,dblp_00457,scholar,scholar_00457,457,1
dblp,dblp_00460,acm,acm_00460,460,1
dblp,dblp_00460,scholar,scholar_00460,460,1
acm,acm_00460,scholar,scholar_00460,460,1
dblp,dblp_00461,acm,acm_00461,461,1
dblp,dblp_00462,acm,acm_00462,462,1
dblp,dblp_00462,scholar,scholar_00462,462,1
acm,acm_00462,scholar,scholar_00462,462,1
dblp,dblp_00463,acm,acm_00463,463,1
dblp,dblp_00464,acm,acm_00464,464,1
dblp,dblp_00465,acm,acm_00465,465,1
dblp,dblp_00465,scholar,scholar_00465,465,1
acm,acm_00465,scholar,scholar_00465,465,1
acm,acm_00466,scholar,scholar_00466,466,1
dblp,dblp_00467,acm,acm_00467,467,1
dblp,dblp_00468,acm,acm_00468,468,1
dblp,dblp_00468,scholar,scholar_00468,468,1
acm,acm_00468,scholar,scholar_00468,468,1
dblp,dblp_00469,scholar,scholar_00469,469,1
dblp,dblp_00470,acm,acm_00470,470,1
dblp,dblp_00470,scholar,scholar_00470,470,1
acm,acm_00470,scholar,scholar_00470,470,1
dblp,dblp_00471,scholar,scholar_00471,471,1
dblp,dblp_00472,acm,acm_00472,472,1
dblp,dblp_00473,acm,acm_00473,473,1
dblp,dblp_00474,acm,acm_00474,474,1
dblp,dblp_00474,scholar,scholar_00474,474,1
acm,acm_00474,scholar,scholar_00474,474,1
dblp,dblp_00475,acm,acm_00475,475,1
dblp,dblp_00475,scholar,scholar_00475,475,1
acm,acm_00475,scholar,scholar_00475,475,1
dblp,dblp_00476,acm,acm_00476,476,1
dblp,dblp_00476,scholar,scholar_00476,476,1
acm,acm_00476,scholar,scholar_00476,476,1
dblp,dblp_00477,acm,acm_00477,477,1
dblp,dblp_00477,scholar,scholar_00477,477,1
acm,acm_00477,scholar,scholar_00477,477,1
dblp,dblp_00478,acm,acm_00478,478,1
dblp,dblp_00479,acm,acm_00479,479,1
dblp,dblp_00479,scholar,scholar_00479,479,1
acm,acm_00479,scholar,scholar_00479,479,1
dblp,dblp_00480,scholar,scholar_00480,480,1
dblp,dblp_00482,acm,acm_00482,482,1
dblp,dblp_00482,scholar,scholar_00482,482,1
acm,acm_00482,scholar,scholar_00482,482,1
dblp,dblp_00483,acm,acm_00483,483,1
dblp,dblp_00484,acm,acm_00484,484,1
dblp,dblp_00484,scholar,scholar_00484,484,1
acm,acm_00484,scholar,scholar_00484,484,1
dblp,dblp_00485,scholar,scholar_00485,485,1
dblp,dblp_00486,scholar,scholar_00486,486,1
dblp,dblp_00487,acm,acm_00487,487,1
dblp,dblp_00488,acm,acm_00488,488,1
dblp,dblp_00488,scholar,scholar_00488,488,1
acm,acm_00488,scholar,scholar_00488,488,1
dblp,dblp_00489,acm,acm_00489,489,1
dblp,dblp_00490,acm,acm_00490,490,1
dblp,dblp_00490,scholar,scholar_00490,490,1
acm,acm_00490,scholar,scholar_00490,490,1
dblp,dblp_00491,acm,acm_00491,491,1
dblp,dblp_00491,scholar,scholar_00491,491,1
acm,acm_00491,scholar,scholar_00491,491,1
dblp,dblp_00492,scholar,scholar_00492,492,1
dblp,dblp_00493,acm,acm_00493,493,1
dblp,dblp_00494,acm,acm_00494,494,1
dblp,dblp_00495,acm,acm_00495,495,1
dblp,dblp_00495,scholar,scholar_00495,495,1
acm,acm_00495,scholar,scholar_00495,495,1
acm,acm_00496,scholar,scholar_00496,496,1
dblp,dblp_00497,scholar,scholar_00497,497,1
acm,acm_00499,scholar,scholar_00499,499,1
scholar,scholar_00007,dblp,dblp_00186,-1,0
scholar,scholar_00294,acm,acm_00241,-1,0
dblp,dblp_00405,acm,acm_00493,-1,0
scholar,scholar_00077,dblp,dblp_00264,-1,0
dblp,dblp_00402,scholar,scholar_00434,-1,0
scholar,scholar_00254,acm,acm_00339,-1,0
dblp,dblp_00390,scholar,scholar_00124,-1,0
scholar,scholar_00054,dblp,dblp_00139,-1,0
dblp,dblp_00331,acm,acm_00165,-1,0
acm,acm_00148,dblp,dblp_00328,-1,0
scholar,scholar_00077,acm,acm_00372,-1,0
dblp,dblp_00260,scholar,scholar_00316,-1,0
dblp,dblp_00238,acm,acm_00078,-1,0
acm,acm_00425,scholar,scholar_00139,-1,0
dblp,dblp_00436,acm,acm_00254,-1,0
dblp,dblp_00016,scholar,scholar_00174,-1,0
dblp,dblp_00183,acm,acm_00165,-1,0
dblp,dblp_00085,acm,acm_00359,-1,0
scholar,scholar_00165,acm,acm_00397,-1,0
dblp,dblp_00053,scholar,scholar_00269,-1,0
acm,acm_00110,scholar,scholar_00212,-1,0
scholar,scholar_00264,acm,acm_00325,-1,0
scholar,scholar_00091,acm,acm_00315,-1,0
dblp,dblp_00287,scholar,scholar_00153,-1,0
acm,acm_00294,scholar,scholar_00231,-1,0
scholar,scholar_00264,dblp,dblp_00064,-1,0
acm,acm_00164,scholar,scholar_00265,-1,0
dblp,dblp_00052,acm,acm_00392,-1,0
acm,acm_00441,scholar,scholar_00304,-1,0
dblp,dblp_00411,acm,acm_00314,-1,0
acm,acm_00378,dblp,dblp_00047,-1,0
scholar,scholar_00182,dblp,dblp_00367,-1,0
dblp,dblp_00464,scholar,scholar_00289,-1,0
acm,acm_00168,scholar,scholar_00336,-1,0
acm,acm_00033,scholar,scholar_00224,-1,0
dblp,dblp_00444,acm,acm_00275,-1,0
scholar,scholar_00268,acm,acm_00311,-1,0
dblp,dblp_00487,acm,acm_00374,-1,0
acm,acm_00439,scholar,scholar_00056,-1,0
dblp,dblp_00109,acm,acm_00488,-1,0
scholar,scholar_00246,dblp,dblp_00144,-1,0
dblp,dblp_00379,scholar,scholar_00317,-1,0
dblp,dblp_00041,acm,acm_00125,-1,0
dblp,dblp_00104,scholar,scholar_00480,-1,0
acm,acm_00284,dblp,dblp_00402,-1,0
acm,acm_00348,dblp,dblp_00249,-1,0
scholar,scholar_00134,dblp,dblp_00165,-1,0
acm,acm_00103,scholar,scholar_00282,-1,0
scholar,scholar_00488,acm,acm_00079,-1,0
dblp,dblp_00316,scholar,scholar_00268,-1,0
dblp,dblp_00032,scholar,scholar_00308,-1,0
acm,acm_00335,dblp,dblp_00198,-1,0
dblp,dblp_00190,acm,acm_00054,-1,0
scholar,scholar_00176,acm,acm_00312,-1,0
acm,acm_00188,dblp,dblp_00197,-1,0
scholar,scholar_00206,acm,acm_00447,-1,0
scholar,scholar_00266,dblp,dblp_00080,-1,0
dblp,dblp_00446,scholar,scholar_00417,-1,0
dblp,dblp_00049,scholar,scholar_00017,-1,0
dblp,dblp_00495,acm,acm_00055,-1,0
acm,acm_00488,scholar,scholar_00043,-1,0
scholar,scholar_00208,acm,acm_00260,-1,0
scholar,scholar_00207,dblp,dblp_00238,-1,0
dblp,dblp_00366,scholar,scholar_00290,-1,0
scholar,scholar_00300,acm,acm_00129,-1,0
acm,acm_00071,scholar,scholar_00351,-1,0
scholar,scholar_00265,acm,acm_00338,-1,0
scholar,scholar_00261,acm,acm_00301,-1,0
scholar,scholar_00314,dblp,dblp_00396,-1,0
acm,acm_00464,scholar,scholar_00156,-1,0
dblp,dblp_00487,scholar,scholar_00160,-1,0
dblp,dblp_00342,acm,acm_00056,-1,0
dblp,dblp_00147,acm,acm_00398,-1,0
acm,acm_00357,dblp,dblp_00376,-1,0
scholar,scholar_00056,acm,acm_00156,-1,0
scholar,scholar_00183,acm,acm_00392,-1,0
acm,acm_00060,dblp,dblp_00295,-1,0
scholar,scholar_00055,dblp,dblp_00312,-1,0
dblp,dblp_00185,acm,acm_00369,-1,0
dblp,dblp_00342,scholar,scholar_00206,-1,0
scholar,scholar_00168,dblp,dblp_00461,-1,0
acm,acm_00391,dblp,dblp_00265,-1,0
acm,acm_00334,scholar,scholar_00367,-1,0
dblp,dblp_00127,scholar,scholar_00236,-1,0
scholar,scholar_00201,dblp,dblp_00249,-1,0
dblp,dblp_00476,scholar,scholar_00005,-1,0
acm,acm_00408,dblp,dblp_00317,-1,0
dblp,dblp_00129,scholar,scholar_00355,-1,0
acm,acm_00282,dblp,dblp_00205,-1,0
dblp,dblp_00042,acm,acm_00271,-1,0
scholar,scholar_00475,acm,acm_00037,-1,0
scholar,scholar_00253,acm,acm_00313,-1,0
dblp,dblp_00280,scholar,scholar_00030,-1,0
dblp,dblp_00103,acm,acm_00435,-1,0
scholar,scholar_00486,acm,acm_00455,-1,0
scholar,scholar_00088,acm,acm_00401,-1,0
scholar,scholar_00085,dblp,dblp_00208,-1,0
dblp,dblp_00013,scholar,scholar_00238,-1,0
dblp,dblp_00109,acm,acm_00094,-1,0
acm,acm_00435,dblp,dblp_00277,-1,0
acm,acm_00274,scholar,scholar_00244,-1,0
scholar,scholar_00304,acm,acm_00260,-1,0
acm,acm_00074,dblp,dblp_00105,-1,0
scholar,scholar_00176,dblp,dblp_00296,-1,0
dblp,dblp_00196,scholar,scholar_00077,-1,0
dblp,dblp_00123,acm,acm_00081,-1,0
acm,acm_00389,scholar,scholar_00377,-1,0
acm,acm_00235,scholar,scholar_00326,-1,0
scholar,scholar_00011,acm,acm_00196,-1,0
scholar,scholar_00398,acm,acm_00359,-1,0
acm,acm_00380,dblp,dblp_00008,-1,0
scholar,scholar_00408,acm,acm_00401,-1,0
dblp,dblp_00033,scholar,scholar_00308,-1,0
dblp,dblp_00140,scholar,scholar_00294,-1,0
acm,acm_00401,scholar,scholar_00396,-1,0
acm,acm_00332,dblp,dblp_00358,-1,0
scholar,scholar_00424,acm,acm_00075,-1,0
scholar,scholar_00037,dblp,dblp_00260,-1,0
scholar,scholar_00445,acm,acm_00411,-1,0
dblp,dblp_00470,acm,acm_00019,-1,0
acm,acm_00321,dblp,dblp_00144,-1,0
dblp,dblp_00397,scholar,scholar_00223,-1,0
dblp,dblp_00137,scholar,scholar_00024,-1,0
dblp,dblp_00042,acm,acm_00435,-1,0
acm,acm_00094,dblp,dblp_00342,-1,0
dblp,dblp_00299,acm,acm_00295,-1,0
acm,acm_00068,scholar,scholar_00208,-1,0
scholar,scholar_00155,acm,acm_00468,-1,0
scholar,scholar_00251,acm,acm_00207,-1,0
dblp,dblp_00105,scholar,scholar_00263,-1,0
dblp,dblp_00407,acm,acm_00179,-1,0
scholar,scholar_00452,dblp,dblp_00007,-1,0
scholar,scholar_00169,dblp,dblp_00022,-1,0
acm,acm_00093,scholar,scholar_00055,-1,0
dblp,dblp_00471,scholar,scholar_00329,-1,0
dblp,dblp_00159,acm,acm_00306,-1,0
scholar,scholar_00475,acm,acm_00295,-1,0
scholar,scholar_00183,acm,acm_00053,-1,0
dblp,dblp_00292,acm,acm_00474,-1,0
dblp,dblp_00206,scholar,scholar_00152,-1,0
acm,acm_00131,dblp,dblp_00367,-1,0
scholar,scholar_00251,acm,acm_00318,-1,0
scholar,scholar_00269,dblp,dblp_00406,-1,0
acm,acm_00336,dblp,dblp_00062,-1,0
acm,acm_00268,dblp,dblp_00254,-1,0
scholar,scholar_00278,acm,acm_00371,-1,0
dblp,dblp_00255,scholar,scholar_00186,-1,0
acm,acm_00017,scholar,scholar_00322,-1,0
acm,acm_00314,scholar,scholar_00409,-1,0
acm,acm_00422,scholar,scholar_00367,-1,0
acm,acm_00072,dblp,dblp_00076,-1,0
dblp,dblp_00411,acm,acm_00351,-1,0
scholar,scholar_00237,dblp,dblp_00404,-1,0
scholar,scholar_00303,dblp,dblp_00258,-1,0
acm,acm_00358,scholar,scholar_00376,-1,0
acm,acm_00476,scholar,scholar_00136,-1,0
scholar,scholar_00388,acm,acm_00115,-1,0
scholar,scholar_00275,acm,acm_00397,-1,0
acm,acm_00124,dblp,dblp_00328,-1,0
scholar,scholar_00394,dblp,dblp_00005,-1,0
dblp,dblp_00139,scholar,scholar_00131,-1,0
dblp,dblp_00362,acm,acm_00123,-1,0
scholar,scholar_00204,dblp,dblp_00341,-1,0
dblp,dblp_00215,acm,acm_00405,-1,0
dblp,dblp_00298,acm,acm_00095,-1,0
dblp,dblp_00152,scholar,scholar_00251,-1,0
scholar,scholar_00169,dblp,dblp_00470,-1,0
scholar,scholar_00291,dblp,dblp_00202,-1,0
scholar,scholar_00183,dblp,dblp_00434,-1,0
dblp,dblp_00064,acm,acm_00370,-1,0
scholar,scholar_00171,dblp,dblp_00480,-1,0
acm,acm_00370,dblp,dblp_00431,-1,0
scholar,scholar_00172,acm,acm_00100,-1,0
dblp,dblp_00367,acm,acm_00233,-1,0
dblp,dblp_00383,scholar,scholar_00232,-1,0
dblp,dblp_00448,scholar,scholar_00277,-1,0
acm,acm_00038,scholar,scholar_00422,-1,0
dblp,dblp_00431,scholar,scholar_00340,-1,0
dblp,dblp_00233,acm,acm_00375,-1,0
dblp,dblp_00001,acm,acm_00176,-1,0
acm,acm_00139,dblp,dblp_00082,-1,0
acm,acm_00131,scholar,scholar_00261,-1,0
dblp,dblp_00303,scholar,scholar_00105,-1,0
scholar,scholar_00258,dblp,dblp_00204,-1,0
acm,acm_00328,dblp,dblp_00184,-1,0
scholar,scholar_00046,dblp,dblp_00250,-1,0
scholar,scholar_00398,acm,acm_00200,-1,0
scholar,scholar_00085,dblp,dblp_00066,-1,0
acm,acm_00102,dblp,dblp_00029,-1,0
scholar,scholar_00292,dblp,dblp_00405,-1,0
acm,acm_00126,dblp,dblp_00394,-1,0
acm,acm_00429,scholar,scholar_00076,-1,0
dblp,dblp_00475,scholar,scholar_00117,-1,0
scholar,scholar_00168,dblp,dblp_00129,-1,0
scholar,scholar_00071,acm,acm_00325,-1,0
dblp,dblp_00203,acm,acm_00200,-1,0
acm,acm_00039,dblp,dblp_00238,-1,0
dblp,dblp_00014,scholar,scholar_00153,-1,0
acm,acm_00371,dblp,dblp_00019,-1,0
acm,acm_00374,scholar,scholar_00117,-1,0
dblp,dblp_00437,scholar,scholar_00064,-1,0
acm,acm_00066,scholar,scholar_00108,-1,0
scholar,scholar_00019,acm,acm_00470,-1,0
scholar,scholar_00135,dblp,dblp_00156,-1,0
dblp,dblp_00424,scholar,scholar_00196,-1,0
scholar,scholar_00165,dblp,dblp_00230,-1,0
acm,acm_00230,scholar,scholar_00017,-1,0
acm,acm_00286,scholar,scholar_00326,-1,0
acm,acm_00357,dblp,dblp_00383,-1,0
dblp,dblp_00177,scholar,scholar_00043,-1,0
acm,acm_00361,scholar,scholar_00111,-1,0
dblp,dblp_00368,scholar,scholar_00054,-1,0
dblp,dblp_00371,scholar,scholar_00415,-1,0
dblp,dblp_00283,acm,acm_00183,-1,0
dblp,dblp_00126,acm,acm_00023,-1,0
dblp,dblp_00491,acm,acm_00477,-1,0
scholar,scholar_00152,dblp,dblp_00029,-1,0
dblp,dblp_00176,scholar,scholar_00499,-1,0
scholar,scholar_00283,dblp,dblp_00303,-1,0
scholar,scholar_00295,acm,acm_00077,-1,0
dblp,dblp_00396,acm,acm_00417,-1,0
scholar,scholar_00124,dblp,dblp_00386,-1,0
scholar,scholar_00475,dblp,dblp_00462,-1,0
dblp,dblp_00114,acm,acm_00148,-1,0
dblp,dblp_00080,scholar,scholar_00437,-1,0
scholar,scholar_00012,acm,acm_00266,-1,0
dblp,dblp_00212,scholar,scholar_00012,-1,0
scholar,scholar_00253,dblp,dblp_00000,-1,0
dblp,dblp_00220,acm,acm_00491,-1,0
dblp,dblp_00042,acm,acm_00024,-1,0
scholar,scholar_00060,acm,acm_00394,-1,0
acm,acm_00248,dblp,dblp_00353,-1,0
dblp,dblp_00167,acm,acm_00238,-1,0
acm,acm_00156,dblp,dblp_00428,-1,0
dblp,dblp_00315,acm,acm_00334,-1,0
acm,acm_00131,scholar,scholar_00019,-1,0
acm,acm_00027,scholar,scholar_00342,-1,0
acm,acm_00344,scholar,scholar_00013,-1,0
scholar,scholar_00477,dblp,dblp_00123,-1,0
dblp,dblp_00113,acm,acm_00147,-1,0
dblp,dblp_00391,scholar,scholar_00028,-1,0
dblp,dblp_00198,acm,acm_00069,-1,0
acm,acm_00223,scholar,scholar_00232,-1,0
acm,acm_00163,scholar,scholar_00326,-1,0
scholar,scholar_00360,dblp,dblp_00078,-1,0
scholar,scholar_00133,dblp,dblp_00002,-1,0
scholar,scholar_00038,dblp,dblp_00430,-1,0
dblp,dblp_00428,acm,acm_00482,-1,0
dblp,dblp_00346,acm,acm_00425,-1,0
acm,acm_00371,dblp,dblp_00208,-1,0
acm,acm_00139,scholar,scholar_00390,-1,0
scholar,scholar_00217,acm,acm_00096,-1,0
dblp,dblp_00471,acm,acm_00009,-1,0
acm,acm_00045,dblp,dblp_00093,-1,0
scholar,scholar_00274,acm,acm_00097,-1,0
dblp,dblp_00418,scholar,scholar_00466,-1,0
acm,acm_00220,dblp,dblp_00351,-1,0
acm,acm_00243,dblp,dblp_00129,-1,0
acm,acm_00310,scholar,scholar_00154,-1,0
dblp,dblp_00231,scholar,scholar_00098,-1,0
scholar,scholar_00383,acm,acm_00391,-1,0
dblp,dblp_00065,scholar,scholar_00009,-1,0
scholar,scholar_00185,dblp,dblp_00462,-1,0
scholar,scholar_00412,dblp,dblp_00069,-1,0
dblp,dblp_00112,scholar,scholar_00390,-1,0
acm,acm_00454,scholar,scholar_00181,-1,0
scholar,scholar_00082,dblp,dblp_00123,-1,0
dblp,dblp_00175,scholar,scholar_00166,-1,0
acm,acm_00398,dblp,dblp_00052,-1,0
dblp,dblp_00258,scholar,scholar_00486,-1,0
scholar,scholar_00007,dblp,dblp_00392,-1,0
dblp,dblp_00152,scholar,scholar_00169,-1,0
acm,acm_00483,scholar,scholar_00335,-1,0
dblp,dblp_00417,scholar,scholar_00105,-1,0
scholar,scholar_00397,dblp,dblp_00100,-1,0
scholar,scholar_00342,acm,acm_00200,-1,0
acm,acm_00074,dblp,dblp_00005,-1,0
dblp,dblp_00433,scholar,scholar_00317,-1,0
dblp,dblp_00190,acm,acm_00179,-1,0
dblp,dblp_00298,scholar,scholar_00232,-1,0
scholar,scholar_00499,acm,acm_00474,-1,0
scholar,scholar_00280,acm,acm_00329,-1,0
dblp,dblp_00250,acm,acm_00359,-1,0
acm,acm_00258,dblp,dblp_00003,-1,0
scholar,scholar_00192,acm,acm_00066,-1,0
dblp,dblp_00400,acm,acm_00241,-1,0
acm,acm_00037,dblp,dblp_00291,-1,0
scholar,scholar_00293,dblp,dblp_00000,-1,0
dblp,dblp_00057,acm,acm_00001,-1,0
scholar,scholar_00179,dblp,dblp_00009,-1,0
scholar,scholar_00360,dblp,dblp_00391,-1,0
acm,acm_00321,dblp,dblp_00430,-1,0
acm,acm_00062,dblp,dblp_00317,-1,0
dblp,dblp_00449,scholar,scholar_00388,-1,0
acm,acm_00461,dblp,dblp_00244,-1,0
dblp,dblp_00284,scholar,scholar_00056,-1,0
dblp,dblp_00467,scholar,scholar_00264,-1,0
dblp,dblp_00222,scholar,scholar_00344,-1,0
acm,acm_00439,scholar,scholar_00451,-1,0
acm,acm_00380,dblp,dblp_00104,-1,0
dblp,dblp_00339,acm,acm_00177,-1,0
dblp,dblp_00007,scholar,scholar_00142,-1,0
scholar,scholar_00256,dblp,dblp_00084,-1,0
dblp,dblp_00480,scholar,scholar_00218,-1,0
acm,acm_00384,scholar,scholar_00364,-1,0
dblp,dblp_00426,acm,acm_00109,-1,0
acm,acm_00454,dblp,dblp_00195,-1,0
dblp,dblp_00272,scholar,scholar_00149,-1,0
scholar,scholar_00357,acm,acm_00306,-1,0
acm,acm_00037,dblp,dblp_00036,-1,0
scholar,scholar_00479,acm,acm_00460,-1,0
acm,acm_00062,scholar,scholar_00137,-1,0
acm,acm_00086,scholar,scholar_00012,-1,0
dblp,dblp_00213,acm,acm_00092,-1,0
scholar,scholar_00037,dblp,dblp_00401,-1,0
dblp,dblp_00296,acm,acm_00177,-1,0
dblp,dblp_00245,scholar,scholar_00479,-1,0
dblp,dblp_00477,acm,acm_00035,-1,0
acm,acm_00251,scholar,scholar_00450,-1,0
acm,acm_00064,scholar,scholar_00090,-1,0
acm,acm_00127,scholar,scholar_00068,-1,0
dblp,dblp_00279,acm,acm_00338,-1,0
dblp,dblp_00055,scholar,scholar_00318,-1,0
acm,acm_00003,dblp,dblp_00177,-1,0
dblp,dblp_00118,acm,acm_00076,-1,0
acm,acm_00199,scholar,scholar_00250,-1,0
acm,acm_00426,scholar,scholar_00154,-1,0
acm,acm_00119,dblp,dblp_00253,-1,0
dblp,dblp_00384,scholar,scholar_00465,-1,0
acm,acm_00203,dblp,dblp_00283,-1,0
scholar,scholar_00336,acm,acm_00253,-1,0
scholar,scholar_00244,acm,acm_00466,-1,0
acm,acm_00439,scholar,scholar_00367,-1,0
scholar,scholar_00211,acm,acm_00167,-1,0
scholar,scholar_00206,dblp,dblp_00332,-1,0
acm,acm_00342,dblp,dblp_00194,-1,0
dblp,dblp_00029,acm,acm_00069,-1,0
scholar,scholar_00340,dblp,dblp_00233,-1,0
acm,acm_00406,dblp,dblp_00272,-1,0
acm,acm_00033,dblp,dblp_00022,-1,0
acm,acm_00310,scholar,scholar_00491,-1,0
dblp,dblp_00166,scholar,scholar_00262,-1,0
dblp,dblp_00177,acm,acm_00369,-1,0
scholar,scholar_00462,dblp,dblp_00326,-1,0
acm,acm_00066,scholar,scholar_00289,-1,0
dblp,dblp_00333,acm,acm_00022,-1,0
acm,acm_00211,scholar,scholar_00497,-1,0
scholar,scholar_00186,dblp,dblp_00278,-1,0
scholar,scholar_00024,dblp,dblp_00478,-1,0
dblp,dblp_00064,acm,acm_00224,-1,0
scholar,scholar_00049,dblp,dblp_00095,-1,0
dblp,dblp_00254,scholar,scholar_00046,-1,0
acm,acm_00219,dblp,dblp_00480,-1,0
scholar,scholar_00256,dblp,dblp_00430,-1,0
acm,acm_00420,scholar,scholar_00301,-1,0
dblp,dblp_00399,acm,acm_00152,-1,0
dblp,dblp_00490,acm,acm_00396,-1,0
dblp,dblp_00010,scholar,scholar_00317,-1,0
acm,acm_00479,dblp,dblp_00015,-1,0
dblp,dblp_00178,scholar,scholar_00290,-1,0
acm,acm_00065,scholar,scholar_00363,-1,0
dblp,dblp_00201,acm,acm_00461,-1,0
acm,acm_00199,scholar,scholar_00122,-1,0
acm,acm_00431,dblp,dblp_00083,-1,0
acm,acm_00301,dblp,dblp_00009,-1,0
dblp,dblp_00023,scholar,scholar_00165,-1,0
acm,acm_00173,dblp,dblp_00111,-1,0
dblp,dblp_00383,acm,acm_00290,-1,0
scholar,scholar_00246,acm,acm_00350,-1,0
scholar,scholar_00160,acm,acm_00055,-1,0
dblp,dblp_00442,scholar,scholar_00350,-1,0
dblp,dblp_00281,scholar,scholar_00161,-1,0
dblp,dblp_00417,acm,acm_00467,-1,0
dblp,dblp_00112,acm,acm_00018,-1,0
acm,acm_00296,scholar,scholar_00488,-1,0
scholar,scholar_00037,acm,acm_00110,-1,0
acm,acm_00090,scholar,scholar_00146,-1,0
dblp,dblp_00222,acm,acm_00274,-1,0
acm,acm_00148,dblp,dblp_00003,-1,0
acm,acm_00163,scholar,scholar_00153,-1,0
dblp,dblp_00426,acm,acm_00244,-1,0
dblp,dblp_00482,acm,acm_00162,-1,0
scholar,scholar_00466,dblp,dblp_00236,-1,0
acm,acm_00031,dblp,dblp_00421,-1,0
dblp,dblp_00341,acm,acm_00284,-1,0
acm,acm_00496,scholar,scholar_00036,-1,0
acm,acm_00018,scholar,scholar_00476,-1,0
scholar,scholar_00275,dblp,dblp_00309,-1,0
acm,acm_00344,dblp,dblp_00179,-1,0
scholar,scholar_00381,acm,acm_00461,-1,0
scholar,scholar_00283,acm,acm_00258,-1,0
scholar,scholar_00054,acm,acm_00426,-1,0
dblp,dblp_00265,acm,acm_00147,-1,0
acm,acm_00221,dblp,dblp_00222,-1,0
scholar,scholar_00065,dblp,dblp_00170,-1,0
dblp,dblp_00022,acm,acm_00122,-1,0
scholar,scholar_00175,dblp,dblp_00092,-1,0
dblp,dblp_00178,scholar,scholar_00154,-1,0
acm,acm_00394,dblp,dblp_00369,-1,0
scholar,scholar_00105,acm,acm_00342,-1,0
scholar,scholar_00292,dblp,dblp_00081,-1,0
scholar,scholar_00009,dblp,dblp_00269,-1,0
scholar,scholar_00191,acm,acm_00055,-1,0
acm,acm_00182,dblp,dblp_00045,-1,0
dblp,dblp_00236,acm,acm_00033,-1,0
acm,acm_00417,dblp,dblp_00484,-1,0
dblp,dblp_00469,scholar,scholar_00340,-1,0
dblp,dblp_00389,acm,acm_00153,-1,0
acm,acm_00392,dblp,dblp_00070,-1,0
acm,acm_00167,dblp,dblp_00274,-1,0
acm,acm_00090,scholar,scholar_00422,-1,0
acm,acm_00308,scholar,scholar_00076,-1,0
scholar,scholar_00043,dblp,dblp_00247,-1,0
scholar,scholar_00114,acm,acm_00121,-1,0
acm,acm_00159,dblp,dblp_00206,-1,0
dblp,dblp_00125,acm,acm_00365,-1,0
acm,acm_00403,scholar,scholar_00421,-1,0
dblp,dblp_00075,acm,acm_00185,-1,0
dblp,dblp_00267,acm,acm_00312,-1,0
acm,acm_00210,dblp,dblp_00342,-1,0
acm,acm_00361,dblp,dblp_00011,-1,0
scholar,scholar_00047,dblp,dblp_00001,-1,0
acm,acm_00237,scholar,scholar_00203,-1,0
scholar,scholar_00474,acm,acm_00065,-1,0
acm,acm_00325,scholar,scholar_00190,-1,0
scholar,scholar_00041,acm,acm_00112,-1,0
acm,acm_00148,dblp,dblp_00001,-1,0
acm,acm_00443,dblp,dblp_00081,-1,0
acm,acm_00207,scholar,scholar_00129,-1,0
dblp,dblp_00454,scholar,scholar_00207,-1,0
acm,acm_00360,scholar,scholar_00488,-1,0
scholar,scholar_00445,acm,acm_00140,-1,0
acm,acm_00349,dblp,dblp_00314,-1,0
acm,acm_00369,dblp,dblp_00052,-1,0
scholar,scholar_00479,dblp,dblp_00018,-1,0
scholar,scholar_00041,dblp,dblp_00193,-1,0
acm,acm_00210,scholar,scholar_00409,-1,0
dblp,dblp_00052,acm,acm_00241,-1,0
dblp,dblp_00098,scholar,scholar_00341,-1,0
acm,acm_00247,dblp,dblp_00473,-1,0
scholar,scholar_00446,acm,acm_00238,-1,0
acm,acm_00284,dblp,dblp_00075,-1,0
scholar,scholar_00217,dblp,dblp_00271,-1,0
acm,acm_00312,scholar,scholar_00388,-1,0
scholar,scholar_00231,acm,acm_00265,-1,0
dblp,dblp_00324,acm,acm_00178,-1,0
dblp,dblp_00073,scholar,scholar_00398,-1,0
acm,acm_00425,scholar,scholar_00325,-1,0
acm,acm_00148,scholar,scholar_00175,-1,0
dblp,dblp_00064,scholar,scholar_00181,-1,0
dblp,dblp_00420,acm,acm_00321,-1,0
acm,acm_00203,scholar,scholar_00449,-1,0
acm,acm_00190,scholar,scholar_00192,-1,0
acm,acm_00050,dblp,dblp_00259,-1,0
scholar,scholar_00356,acm,acm_00378,-1,0
acm,acm_00220,dblp,dblp_00316,-1,0
dblp,dblp_00117,acm,acm_00148,-1,0
scholar,scholar_00355,acm,acm_00159,-1,0
dblp,dblp_00444,acm,acm_00411,-1,0
dblp,dblp_00221,acm,acm_00370,-1,0
acm,acm_00357,dblp,dblp_00488,-1,0
acm,acm_00448,dblp,dblp_00269,-1,0
dblp,dblp_00353,acm,acm_00041,-1,0
acm,acm_00012,scholar,scholar_00310,-1,0
dblp,dblp_00244,acm,acm_00159,-1,0
dblp,dblp_00196,acm,acm_00439,-1,0
scholar,scholar_00024,dblp,dblp_00427,-1,0
dblp,dblp_00143,acm,acm_00242,-1,0
acm,acm_00378,dblp,dblp_00442,-1,0
acm,acm_00293,dblp,dblp_00288,-1,0
scholar,scholar_00090,acm,acm_00203,-1,0
dblp,dblp_00073,scholar,scholar_00270,-1,0
acm,acm_00386,dblp,dblp_00069,-1,0
scholar,scholar_00273,acm,acm_00385,-1,0
dblp,dblp_00129,scholar,scholar_00450,-1,0
scholar,scholar_00037,dblp,dblp_00109,-1,0
scholar,scholar_00041,dblp,dblp_00009,-1,0
acm,acm_00203,dblp,dblp_00331,-1,0
dblp,dblp_00017,scholar,scholar_00371,-1,0
acm,acm_00328,dblp,dblp_00286,-1,0
dblp,dblp_00064,acm,acm_00274,-1,0
acm,acm_00472,dblp,dblp_00400,-1,0
dblp,dblp_00284,acm,acm_00278,-1,0
acm,acm_00397,scholar,scholar_00298,-1,0
scholar,scholar_00159,dblp,dblp_00133,-1,0
acm,acm_00101,scholar,scholar_00477,-1,0
acm,acm_00237,dblp,dblp_00056,-1,0
scholar,scholar_00125,dblp,dblp_00474,-1,0
dblp,dblp_00399,acm,acm_00362,-1,0
acm,acm_00150,dblp,dblp_00009,-1,0
acm,acm_00369,scholar,scholar_00069,-1,0
dblp,dblp_00230,acm,acm_00372,-1,0
acm,acm_00299,scholar,scholar_00244,-1,0
scholar,scholar_00103,dblp,dblp_00271,-1,0
dblp,dblp_00201,scholar,scholar_00314,-1,0
acm,acm_00148,scholar,scholar_00083,-1,0
acm,acm_00495,dblp,dblp_00362,-1,0
acm,acm_00391,scholar,scholar_00398,-1,0
dblp,dblp_00063,scholar,scholar_00471,-1,0
dblp,dblp_00190,acm,acm_00159,-1,0
dblp,dblp_00426,scholar,scholar_00266,-1,0
scholar,scholar_00093,dblp,dblp_00471,-1,0
acm,acm_00350,dblp,dblp_00484,-1,0
scholar,scholar_00254,acm,acm_00031,-1,0
acm,acm_00233,dblp,dblp_00440,-1,0
dblp,dblp_00382,acm,acm_00405,-1,0
acm,acm_00295,scholar,scholar_00499,-1,0
dblp,dblp_00104,acm,acm_00222,-1,0
acm,acm_00153,scholar,scholar_00246,-1,0
dblp,dblp_00275,scholar,scholar_00094,-1,0
dblp,dblp_00475,scholar,scholar_00038,-1,0
dblp,dblp_00489,acm,acm_00355,-1,0
acm,acm_00499,scholar,scholar_00266,-1,0
scholar,scholar_00459,dblp,dblp_00405,-1,0
acm,acm_00446,scholar,scholar_00275,-1,0
acm,acm_00360,dblp,dblp_00198,-1,0
scholar,scholar_00185,dblp,dblp_00113,-1,0
dblp,dblp_00085,acm,acm_00425,-1,0
acm,acm_00069,dblp,dblp_00391,-1,0
acm,acm_00350,dblp,dblp_00264,-1,0
acm,acm_00351,dblp,dblp_00315,-1,0
acm,acm_00440,dblp,dblp_00164,-1,0
acm,acm_00400,scholar,scholar_00091,-1,0
scholar,scholar_00005,dblp,dblp_00462,-1,0
acm,acm_00309,dblp,dblp_00367,-1,0
acm,acm_00433,dblp,dblp_00286,-1,0
acm,acm_00041,dblp,dblp_00451,-1,0
dblp,dblp_00113,acm,acm_00210,-1,0
dblp,dblp_00011,scholar,scholar_00439,-1,0
acm,acm_00155,dblp,dblp_00436,-1,0
dblp,dblp_00271,acm,acm_00386,-1,0
scholar,scholar_00155,acm,acm_00437,-1,0
dblp,dblp_00119,acm,acm_00496,-1,0
dblp,dblp_00469,scholar,scholar_00447,-1,0
acm,acm_00182,dblp,dblp_00195,-1,0
dblp,dblp_00493,scholar,scholar_00023,-1,0
acm,acm_00230,dblp,dblp_00386,-1,0
acm,acm_00125,scholar,scholar_00231,-1,0
dblp,dblp_00185,scholar,scholar_00410,-1,0
dblp,dblp_00398,acm,acm_00139,-1,0
acm,acm_00245,scholar,scholar_00081,-1,0
dblp,dblp_00315,acm,acm_00054,-1,0
dblp,dblp_00379,scholar,scholar_00203,-1,0
dblp,dblp_00307,acm,acm_00302,-1,0
acm,acm_00489,dblp,dblp_00055,-1,0
dblp,dblp_00066,acm,acm_00370,-1,0
acm,acm_00299,dblp,dblp_00420,-1,0
scholar,scholar_00114,acm,acm_00435,-1,0
acm,acm_00113,dblp,dblp_00321,-1,0
dblp,dblp_00198,scholar,scholar_00342,-1,0
dblp,dblp_00045,acm,acm_00140,-1,0
dblp,dblp_00204,acm,acm_00110,-1,0
dblp,dblp_00108,acm,acm_00420,-1,0
scholar,scholar_00207,acm,acm_00427,-1,0
scholar,scholar_00205,dblp,dblp_00462,-1,0
acm,acm_00100,scholar,scholar_00007,-1,0
acm,acm_00071,scholar,scholar_00217,-1,0
scholar,scholar_00338,dblp,dblp_00231,-1,0
acm,acm_00177,scholar,scholar_00110,-1,0
dblp,dblp_00316,scholar,scholar_00304,-1,0
dblp,dblp_00284,acm,acm_00266,-1,0
scholar,scholar_00301,dblp,dblp_00261,-1,0
acm,acm_00327,scholar,scholar_00365,-1,0
scholar,scholar_00205,acm,acm_00352,-1,0
acm,acm_00093,dblp,dblp_00376,-1,0
scholar,scholar_00358,dblp,dblp_00194,-1,0
scholar,scholar_00216,dblp,dblp_00467,-1,0
acm,acm_00149,scholar,scholar_00218,-1,0
acm,acm_00182,scholar,scholar_00024,-1,0
scholar,scholar_00032,acm,acm_00362,-1,0
dblp,dblp_00451,scholar,scholar_00417,-1,0
dblp,dblp_00414,scholar,scholar_00103,-1,0
dblp,dblp_00019,scholar,scholar_00425,-1,0
scholar,scholar_00468,dblp,dblp_00205,-1,0
acm,acm_00411,dblp,dblp_00478,-1,0
scholar,scholar_00284,dblp,dblp_00387,-1,0
dblp,dblp_00312,scholar,scholar_00185,-1,0
acm,acm_00110,scholar,scholar_00375,-1,0
acm,acm_00064,dblp,dblp_00100,-1,0
scholar,scholar_00143,acm,acm_00491,-1,0
acm,acm_00226,dblp,dblp_00100,-1,0
scholar,scholar_00375,acm,acm_00263,-1,0
acm,acm_00114,dblp,dblp_00322,-1,0
scholar,scholar_00243,dblp,dblp_00109,-1,0
dblp,dblp_00433,scholar,scholar_00237,-1,0
scholar,scholar_00453,acm,acm_00335,-1,0
scholar,scholar_00291,acm,acm_00101,-1,0
scholar,scholar_00490,acm,acm_00391,-1,0
dblp,dblp_00161,acm,acm_00196,-1,0
dblp,dblp_00220,acm,acm_00453,-1,0
dblp,dblp_00145,scholar,scholar_00071,-1,0
scholar,scholar_00169,acm,acm_00079,-1,0
acm,acm_00466,scholar,scholar_00064,-1,0
dblp,dblp_00375,acm,acm_00419,-1,0
acm,acm_00218,scholar,scholar_00437,-1,0
acm,acm_00012,scholar,scholar_00208,-1,0
dblp,dblp_00265,acm,acm_00260,-1,0
dblp,dblp_00450,scholar,scholar_00417,-1,0
scholar,scholar_00433,dblp,dblp_00110,-1,0
dblp,dblp_00470,acm,acm_00047,-1,0
acm,acm_00137,scholar,scholar_00385,-1,0
scholar,scholar_00421,acm,acm_00133,-1,0
acm,acm_00389,scholar,scholar_00073,-1,0
dblp,dblp_00285,scholar,scholar_00417,-1,0
dblp,dblp_00205,scholar,scholar_00090,-1,0
scholar,scholar_00232,acm,acm_00417,-1,0
dblp,dblp_00182,scholar,scholar_00316,-1,0
acm,acm_00078,scholar,scholar_00251,-1,0
acm,acm_00161,scholar,scholar_00055,-1,0
acm,acm_00231,dblp,dblp_00248,-1,0
scholar,scholar_00011,dblp,dblp_00423,-1,0
acm,acm_00389,scholar,scholar_00187,-1,0
scholar,scholar_00375,dblp,dblp_00221,-1,0
acm,acm_00301,scholar,scholar_00246,-1,0
dblp,dblp_00382,acm,acm_00372,-1,0
scholar,scholar_00207,acm,acm_00421,-1,0
scholar,scholar_00413,acm,acm_00201,-1,0
scholar,scholar_00211,dblp,dblp_00482,-1,0
acm,acm_00130,scholar,scholar_00103,-1,0
acm,acm_00375,scholar,scholar_00157,-1,0
dblp,dblp_00113,scholar,scholar_00274,-1,0
dblp,dblp_00488,scholar,scholar_00450,-1,0
dblp,dblp_00022,scholar,scholar_00323,-1,0
acm,acm_00476,dblp,dblp_00409,-1,0
scholar,scholar_00219,acm,acm_00342,-1,0
scholar,scholar_00103,dblp,dblp_00034,-1,0
dblp,dblp_00046,acm,acm_00043,-1,0
acm,acm_00226,dblp,dblp_00180,-1,0
acm,acm_00228,scholar,scholar_00448,-1,0
acm,acm_00140,dblp,dblp_00493,-1,0
scholar,scholar_00495,dblp,dblp_00464,-1,0
scholar,scholar_00228,dblp,dblp_00165,-1,0
scholar,scholar_00363,dblp,dblp_00037,-1,0
acm,acm_00003,scholar,scholar_00032,-1,0
scholar,scholar_00046,acm,acm_00352,-1,0
acm,acm_00159,scholar,scholar_00392,-1,0
acm,acm_00395,dblp,dblp_00180,-1,0
dblp,dblp_00126,scholar,scholar_00094,-1,0
dblp,dblp_00482,scholar,scholar_00165,-1,0
dblp,dblp_00231,scholar,scholar_00009,-1,0
dblp,dblp_00264,scholar,scholar_00125,-1,0
dblp,dblp_00421,acm,acm_00401,-1,0
dblp,dblp_00358,acm,acm_00043,-1,0
acm,acm_00164,dblp,dblp_00340,-1,0
dblp,dblp_00351,acm,acm_00284,-1,0
acm,acm_00128,dblp,dblp_00437,-1,0
acm,acm_00011,dblp,dblp_00155,-1,0
scholar,scholar_00095,acm,acm_00401,-1,0
scholar,scholar_00286,acm,acm_00012,-1,0
scholar,scholar_00273,acm,acm_00405,-1,0
dblp,dblp_00092,scholar,scholar_00028,-1,0
dblp,dblp_00260,scholar,scholar_00309,-1,0
acm,acm_00398,dblp,dblp_00175,-1,0
dblp,dblp_00085,scholar,scholar_00433,-1,0
scholar,scholar_00300,dblp,dblp_00347,-1,0
dblp,dblp_00489,scholar,scholar_00366,-1,0
scholar,scholar_00365,acm,acm_00499,-1,0
dblp,dblp_00032,scholar,scholar_00159,-1,0
scholar,scholar_00211,dblp,dblp_00267,-1,0
dblp,dblp_00398,acm,acm_00488,-1,0
scholar,scholar_00344,acm,acm_00129,-1,0
scholar,scholar_00360,dblp,dblp_00043,-1,0
scholar,scholar_00093,acm,acm_00446,-1,0
scholar,scholar_00382,dblp,dblp_00027,-1,0
acm,acm_00155,dblp,dblp_00339,-1,0
scholar,scholar_00362,dblp,dblp_00431,-1,0
acm,acm_00200,scholar,scholar_00250,-1,0
dblp,dblp_00421,scholar,scholar_00326,-1,0
dblp,dblp_00429,scholar,scholar_00223,-1,0
acm,acm_00103,dblp,dblp_00079,-1,0
acm,acm_00446,scholar,scholar_00145,-1,0
scholar,scholar_00333,acm,acm_00137,-1,0
dblp,dblp_00273,acm,acm_00200,-1,0
dblp,dblp_00469,scholar,scholar_00256,-1,0
scholar,scholar_00230,acm,acm_00165,-1,0
acm,acm_00444,dblp,dblp_00084,-1,0
acm,acm_00446,scholar,scholar_00110,-1,0
acm,acm_00441,dblp,dblp_00178,-1,0
acm,acm_00294,dblp,dblp_00453,-1,0
dblp,dblp_00068,scholar,scholar_00298,-1,0
acm,acm_00096,dblp,dblp_00256,-1,0
acm,acm_00462,dblp,dblp_00247,-1,0
scholar,scholar_00397,acm,acm_00415,-1,0
scholar,scholar_00139,dblp,dblp_00245,-1,0
dblp,dblp_00205,scholar,scholar_00477,-1,0
scholar,scholar_00097,acm,acm_00019,-1,0
acm,acm_00210,dblp,dblp_00294,-1,0
acm,acm_00267,scholar,scholar_00370,-1,0
dblp,dblp_00498,acm,acm_00446,-1,0
acm,acm_00081,dblp,dblp_00089,-1,0
scholar,scholar_00265,dblp,dblp_00273,-1,0
dblp,dblp_00103,scholar,scholar_00203,-1,0
scholar,scholar_00032,dblp,dblp_00013,-1,0
scholar,scholar_00156,dblp,dblp_00307,-1,0
dblp,dblp_00492,scholar,scholar_00453,-1,0
acm,acm_00446,scholar,scholar_00085,-1,0
acm,acm_00267,dblp,dblp_00324,-1,0
acm,acm_00355,scholar,scholar_00015,-1,0
acm,acm_00437,dblp,dblp_00034,-1,0
scholar,scholar_00051,dblp,dblp_00238,-1,0
scholar,scholar_00038,acm,acm_00236,-1,0
dblp,dblp_00113,scholar,scholar_00253,-1,0
scholar,scholar_00261,dblp,dblp_00292,-1,0
scholar,scholar_00453,dblp,dblp_00404,-1,0
scholar,scholar_00348,dblp,dblp_00229,-1,0
dblp,dblp_00324,acm,acm_00466,-1,0
scholar,scholar_00201,acm,acm_00270,-1,0
dblp,dblp_00037,scholar,scholar_00336,-1,0
dblp,dblp_00216,scholar,scholar_00061,-1,0
acm,acm_00113,dblp,dblp_00292,-1,0
acm,acm_00047,dblp,dblp_00128,-1,0
scholar,scholar_00345,dblp,dblp_00430,-1,0
scholar,scholar_00106,dblp,dblp_00171,-1,0
scholar,scholar_00240,dblp,dblp_00288,-1,0
dblp,dblp_00207,scholar,scholar_00090,-1,0
acm,acm_00369,scholar,scholar_00333,-1,0
dblp,dblp_00446,scholar,scholar_00251,-1,0
scholar,scholar_00095,acm,acm_00340,-1,0
dblp,dblp_00210,acm,acm_00220,-1,0
dblp,dblp_00472,acm,acm_00297,-1,0
acm,acm_00278,scholar,scholar_00097,-1,0
acm,acm_00042,scholar,scholar_00363,-1,0
acm,acm_00120,dblp,dblp_00290,-1,0
dblp,dblp_00360,acm,acm_00388,-1,0
acm,acm_00407,dblp,dblp_00190,-1,0
dblp,dblp_00238,acm,acm_00321,-1,0
acm,acm_00002,scholar,scholar_00060,-1,0
acm,acm_00022,dblp,dblp_00095,-1,0
scholar,scholar_00253,dblp,dblp_00010,-1,0
dblp,dblp_00022,acm,acm_00200,-1,0
scholar,scholar_00201,dblp,dblp_00122,-1,0
scholar,scholar_00476,dblp,dblp_00055,-1,0
acm,acm_00404,scholar,scholar_00370,-1,0
dblp,dblp_00236,acm,acm_00257,-1,0
dblp,dblp_00399,acm,acm_00426,-1,0
acm,acm_00138,scholar,scholar_00469,-1,0
dblp,dblp_00110,acm,acm_00397,-1,0
dblp,dblp_00178,acm,acm_00496,-1,0
dblp,dblp_00032,acm,acm_00197,-1,0
acm,acm_00337,scholar,scholar_00392,-1,0
dblp,dblp_00278,acm,acm_00200,-1,0
scholar,scholar_00364,dblp,dblp_00291,-1,0
acm,acm_00143,scholar,scholar_00169,-1,0
acm,acm_00402,dblp,dblp_00186,-1,0
acm,acm_00076,dblp,dblp_00078,-1,0
dblp,dblp_00483,scholar,scholar_00395,-1,0
acm,acm_00183,scholar,scholar_00193,-1,0
dblp,dblp_00045,scholar,scholar_00310,-1,0
scholar,scholar_00295,dblp,dblp_00329,-1,0
acm,acm_00024,scholar,scholar_00486,-1,0
scholar,scholar_00098,acm,acm_00473,-1,0
acm,acm_00448,scholar,scholar_00071,-1,0
scholar,scholar_00333,dblp,dblp_00403,-1,0
acm,acm_00009,scholar,scholar_00079,-1,0
scholar,scholar_00169,dblp,dblp_00316,-1,0
dblp,dblp_00145,scholar,scholar_00460,-1,0
scholar,scholar_00058,dblp,dblp_00204,-1,0
scholar,scholar_00447,acm,acm_00476,-1,0
scholar,scholar_00413,acm,acm_00402,-1,0
acm,acm_00082,scholar,scholar_00462,-1,0
scholar,scholar_00280,acm,acm_00136,-1,0
acm,acm_00233,dblp,dblp_00391,-1,0
dblp,dblp_00036,acm,acm_00239,-1,0
dblp,dblp_00321,acm,acm_00066,-1,0
dblp,dblp_00357,acm,acm_00233,-1,0
acm,acm_00043,dblp,dblp_00280,-1,0
scholar,scholar_00012,acm,acm_00391,-1,0
scholar,scholar_00035,dblp,dblp_00013,-1,0
acm,acm_00332,dblp,dblp_00357,-1,0
scholar,scholar_00308,dblp,dblp_00158,-1,0
acm,acm_00046,dblp,dblp_00328,-1,0
scholar,scholar_00471,acm,acm_00208,-1,0
acm,acm_00315,dblp,dblp_00006,-1,0
scholar,scholar_00077,acm,acm_00164,-1,0
dblp,dblp_00474,scholar,scholar_00341,-1,0
dblp,dblp_00442,acm,acm_00467,-1,0
dblp,dblp_00141,acm,acm_00447,-1,0
scholar,scholar_00124,acm,acm_00432,-1,0
acm,acm_00093,scholar,scholar_00471,-1,0
scholar,scholar_00046,dblp,dblp_00000,-1,0
scholar,scholar_00499,dblp,dblp_00186,-1,0
dblp,dblp_00127,scholar,scholar_00105,-1,0
dblp,dblp_00468,acm,acm_00096,-1,0
scholar,scholar_00019,dblp,dblp_00031,-1,0
scholar,scholar_00168,dblp,dblp_00411,-1,0
dblp,dblp_00145,acm,acm_00138,-1,0
acm,acm_00353,scholar,scholar_00162,-1,0
dblp,dblp_00273,scholar,scholar_00364,-1,0
acm,acm_00048,dblp,dblp_00107,-1,0
acm,acm_00031,scholar,scholar_00364,-1,0
scholar,scholar_00238,dblp,dblp_00453,-1,0
acm,acm_00010,dblp,dblp_00123,-1,0
scholar,scholar_00056,dblp,dblp_00368,-1,0
scholar,scholar_00486,dblp,dblp_00146,-1,0
dblp,dblp_00411,acm,acm_00336,-1,0
scholar,scholar_00326,dblp,dblp_00024,-1,0
acm,acm_00288,scholar,scholar_00275,-1,0
acm,acm_00247,scholar,scholar_00278,-1,0
scholar,scholar_00410,dblp,dblp_00353,-1,0
acm,acm_00496,scholar,scholar_00023,-1,0
dblp,dblp_00249,scholar,scholar_00048,-1,0
acm,acm_00097,scholar,scholar_00324,-1,0
acm,acm_00184,scholar,scholar_00269,-1,0
acm,acm_00325,scholar,scholar_00252,-1,0
scholar,scholar_00219,dblp,dblp_00227,-1,0
dblp,dblp_00122,scholar,scholar_00490,-1,0
dblp,dblp_00008,acm,acm_00111,-1,0
dblp,dblp_00290,acm,acm_00405,-1,0
acm,acm_00375,scholar,scholar_00153,-1,0
scholar,scholar_00149,acm,acm_00110,-1,0
dblp,dblp_00444,acm,acm_00062,-1,0
dblp,dblp_00395,scholar,scholar_00372,-1,0
acm,acm_00335,scholar,scholar_00298,-1,0
scholar,scholar_00155,acm,acm_00147,-1,0
scholar,scholar_00355,dblp,dblp_00026,-1,0
acm,acm_00229,dblp,dblp_00086,-1,0
dblp,dblp_00117,acm,acm_00022,-1,0
scholar,scholar_00294,dblp,dblp_00029,-1,0
scholar,scholar_00394,acm,acm_00402,-1,0
scholar,scholar_00217,acm,acm_00211,-1,0
scholar,scholar_00277,dblp,dblp_00401,-1,0
scholar,scholar_00269,acm,acm_00244,-1,0
scholar,scholar_00460,dblp,dblp_00269,-1,0
dblp,dblp_00432,scholar,scholar_00005,-1,0
dblp,dblp_00258,acm,acm_00173,-1,0
acm,acm_00153,dblp,dblp_00040,-1,0
acm,acm_00115,dblp,dblp_00355,-1,0
acm,acm_00178,scholar,scholar_00313,-1,0
dblp,dblp_00002,scholar,scholar_00166,-1,0
acm,acm_00037,scholar,scholar_00228,-1,0
acm,acm_00388,scholar,scholar_00111,-1,0
scholar,scholar_00186,acm,acm_00011,-1,0
scholar,scholar_00284,dblp,dblp_00346,-1,0
acm,acm_00164,scholar,scholar_00393,-1,0
acm,acm_00112,dblp,dblp_00350,-1,0
dblp,dblp_00073,acm,acm_00345,-1,0
acm,acm_00207,scholar,scholar_00020,-1,0
scholar,scholar_00244,dblp,dblp_00336,-1,0
acm,acm_00142,scholar,scholar_00319,-1,0
acm,acm_00217,scholar,scholar_00495,-1,0
acm,acm_00081,scholar,scholar_00490,-1,0
scholar,scholar_00258,dblp,dblp_00063,-1,0
acm,acm_00429,dblp,dblp_00027,-1,0
scholar,scholar_00237,acm,acm_00472,-1,0
dblp,dblp_00351,acm,acm_00335,-1,0
scholar,scholar_00045,dblp,dblp_00420,-1,0
scholar,scholar_00398,acm,acm_00359,-1,0
acm,acm_00370,dblp,dblp_00428,-1,0
scholar,scholar_00020,dblp,dblp_00001,-1,0
scholar,scholar_00237,dblp,dblp_00492,-1,0
acm,acm_00422,scholar,scholar_00079,-1,0
scholar,scholar_00162,dblp,dblp_00360,-1,0
scholar,scholar_00495,dblp,dblp_00272,-1,0
dblp,dblp_00202,scholar,scholar_00310,-1,0
scholar,scholar_00009,dblp,dblp_00425,-1,0
dblp,dblp_00045,acm,acm_00323,-1,0
scholar,scholar_00232,acm,acm_00454,-1,0
scholar,scholar_00006,acm,acm_00131,-1,0
scholar,scholar_00263,dblp,dblp_00215,-1,0
dblp,dblp_00356,scholar,scholar_00032,-1,0
dblp,dblp_00086,acm,acm_00164,-1,0
dblp,dblp_00326,scholar,scholar_00071,-1,0
scholar,scholar_00466,dblp,dblp_00386,-1,0
dblp,dblp_00360,acm,acm_00265,-1,0
dblp,dblp_00290,acm,acm_00361,-1,0
scholar,scholar_00453,dblp,dblp_00045,-1,0
dblp,dblp_00224,scholar,scholar_00323,-1,0
dblp,dblp_00141,acm,acm_00064,-1,0
scholar,scholar_00322,dblp,dblp_00029,-1,0
dblp,dblp_00167,acm,acm_00426,-1,0
